"Freq [GHz]","IWavePhi [deg]","IWaveTheta [deg]","Phi [deg]","Theta [deg]","re(rEPhi) [mV]","im(rEPhi) [mV]","re(rETheta) [mV]","im(rETheta) [mV]"
1.21,180,90,0,90,29.2598595484909,71.2038449988091,-0.0162621318313039,-0.0126388737396322
"Freq [GHz]","IWavePhi [deg]","IWaveTheta [deg]","Phi [deg]","Theta [deg]","re(rEPhi) [mV]","im(rEPhi) [mV]","re(rETheta) [mV]","im(rETheta) [mV]"
1.21,180,90,180,90,-29.2389698142308,-71.2243588632627,-0.0384636865227298,-0.0127203467020489
"Freq [GHz]","IWavePhi [deg]","IWaveTheta [deg]","Phi [deg]","Theta [deg]","re(rEPhi) [mV]","im(rEPhi) [mV]","re(rETheta) [mV]","im(rETheta) [mV]"
1.21,180,90,90,90,-0.0135422600026616,-0.00123048248613049,0.0423066075243685,-0.0202432604966045
"Freq [GHz]","IWavePhi [deg]","IWaveTheta [deg]","Phi [deg]","Theta [deg]","re(rEPhi) [mV]","im(rEPhi) [mV]","re(rETheta) [mV]","im(rETheta) [mV]"
1.21,180,90,-90,90,0.0382785233868295,0.00904051036317051,-0.0222957960098356,0.0201851387341125
"Freq [GHz]","IWavePhi [deg]","IWaveTheta [deg]","Phi [deg]","Theta [deg]","re(rEPhi) [mV]","im(rEPhi) [mV]","re(rETheta) [mV]","im(rETheta) [mV]"
1.21,180,90,0,0,21.666223576983,56.3549023333485,-0.00675081320982368,-0.0002469633760954
"Freq [GHz]","IWavePhi [deg]","IWaveTheta [deg]","Phi [deg]","Theta [deg]","re(rEPhi) [mV]","im(rEPhi) [mV]","re(rETheta) [mV]","im(rETheta) [mV]"
1.21,180,90,0,180,21.6649845069685,56.2763508308394,-0.0154909747662607,-0.0186750135942581
"Freq [GHz]","IWavePhi [deg]","IWaveTheta [deg]","Phi [deg]","Theta [deg]","re(rEPhi) [mV]","im(rEPhi) [mV]","re(rETheta) [mV]","im(rETheta) [mV]"
1.21,180,90,45,54.736,16.5015607546681,40.9153629718649,9.21956621391144,23.4164436587164
"Freq [GHz]","IWavePhi [deg]","IWaveTheta [deg]","Phi [deg]","Theta [deg]","re(rEPhi) [mV]","im(rEPhi) [mV]","re(rETheta) [mV]","im(rETheta) [mV]"
1.21,180,90,135,54.736,-16.4416950568046,-40.9073490769752,9.17188285598893,23.4384029665684
"Freq [GHz]","IWavePhi [deg]","IWaveTheta [deg]","Phi [deg]","Theta [deg]","re(rEPhi) [mV]","im(rEPhi) [mV]","re(rETheta) [mV]","im(rETheta) [mV]"
1.21,180,90,-45,54.736,16.495470418625,40.950005725979,-9.21201499122341,-23.4697132204684
"Freq [GHz]","IWavePhi [deg]","IWaveTheta [deg]","Phi [deg]","Theta [deg]","re(rEPhi) [mV]","im(rEPhi) [mV]","re(rETheta) [mV]","im(rETheta) [mV]"
1.21,180,90,45,125.264,16.4452795280878,40.8970448922934,-9.14428224111415,-23.4370074126004
"Freq [GHz]","IWavePhi [deg]","IWaveTheta [deg]","Phi [deg]","Theta [deg]","re(rEPhi) [mV]","im(rEPhi) [mV]","re(rETheta) [mV]","im(rETheta) [mV]"
1.21,180,90,-135,54.736,-16.5248190366412,-40.946746501442,-9.22956799281009,-23.4625338607409
"Freq [GHz]","IWavePhi [deg]","IWaveTheta [deg]","Phi [deg]","Theta [deg]","re(rEPhi) [mV]","im(rEPhi) [mV]","re(rETheta) [mV]","im(rETheta) [mV]"
1.21,180,90,-45,125.264,16.5084002335037,40.8712294539507,9.15879329419216,23.4208994786339
"Freq [GHz]","IWavePhi [deg]","IWaveTheta [deg]","Phi [deg]","Theta [deg]","re(rEPhi) [mV]","im(rEPhi) [mV]","re(rETheta) [mV]","im(rETheta) [mV]"
1.21,180,90,135,125.264,-16.5028166544857,-40.8447126594777,-9.17778538261974,-23.4425082370722
"Freq [GHz]","IWavePhi [deg]","IWaveTheta [deg]","Phi [deg]","Theta [deg]","re(rEPhi) [mV]","im(rEPhi) [mV]","re(rETheta) [mV]","im(rETheta) [mV]"
1.21,180,90,-135,125.264,-16.4495835086412,-40.827343743223,9.11273279774705,23.4215455280098
"Freq [GHz]","IWavePhi [deg]","IWaveTheta [deg]","Phi [deg]","Theta [deg]","re(rEPhi) [mV]","im(rEPhi) [mV]","re(rETheta) [mV]","im(rETheta) [mV]"
1.21,180,90,0,90,-29.2598595484909,-71.2038449988091,0.0162621318300618,0.0126388737405863
"Freq [GHz]","IWavePhi [deg]","IWaveTheta [deg]","Phi [deg]","Theta [deg]","re(rEPhi) [mV]","im(rEPhi) [mV]","re(rETheta) [mV]","im(rETheta) [mV]"
1.21,180,90,180,90,29.2389698142308,71.2243588632627,0.0384636865219246,0.0127203467007057
"Freq [GHz]","IWavePhi [deg]","IWaveTheta [deg]","Phi [deg]","Theta [deg]","re(rEPhi) [mV]","im(rEPhi) [mV]","re(rETheta) [mV]","im(rETheta) [mV]"
1.21,180,90,90,90,0.0135422600024967,0.00123048248590732,-0.0423066075228997,0.0202432604961117
"Freq [GHz]","IWavePhi [deg]","IWaveTheta [deg]","Phi [deg]","Theta [deg]","re(rEPhi) [mV]","im(rEPhi) [mV]","re(rETheta) [mV]","im(rETheta) [mV]"
1.21,180,90,-90,90,-0.0382785233870168,-0.0090405103629062,0.0222957960114166,-0.0201851387341935
"Freq [GHz]","IWavePhi [deg]","IWaveTheta [deg]","Phi [deg]","Theta [deg]","re(rEPhi) [mV]","im(rEPhi) [mV]","re(rETheta) [mV]","im(rETheta) [mV]"
1.21,180,90,0,0,-21.666223576983,-56.3549023333485,0.00675081321003264,0.000246963375912703
"Freq [GHz]","IWavePhi [deg]","IWaveTheta [deg]","Phi [deg]","Theta [deg]","re(rEPhi) [mV]","im(rEPhi) [mV]","re(rETheta) [mV]","im(rETheta) [mV]"
1.21,180,90,0,180,-21.6649845069685,-56.2763508308394,0.0154909747665007,0.0186750135944756
"Freq [GHz]","IWavePhi [deg]","IWaveTheta [deg]","Phi [deg]","Theta [deg]","re(rEPhi) [mV]","im(rEPhi) [mV]","re(rETheta) [mV]","im(rETheta) [mV]"
1.21,180,90,45,54.736,-16.5015607546682,-40.9153629718647,-9.21956621391163,-23.4164436587176
"Freq [GHz]","IWavePhi [deg]","IWaveTheta [deg]","Phi [deg]","Theta [deg]","re(rEPhi) [mV]","im(rEPhi) [mV]","re(rETheta) [mV]","im(rETheta) [mV]"
1.21,180,90,135,54.736,16.4416950568048,40.9073490769751,-9.17188285598773,-23.4384029665683
"Freq [GHz]","IWavePhi [deg]","IWaveTheta [deg]","Phi [deg]","Theta [deg]","re(rEPhi) [mV]","im(rEPhi) [mV]","re(rETheta) [mV]","im(rETheta) [mV]"
1.21,180,90,-45,54.736,-16.4954704186252,-40.9500057259789,9.21201499122365,23.4697132204697
"Freq [GHz]","IWavePhi [deg]","IWaveTheta [deg]","Phi [deg]","Theta [deg]","re(rEPhi) [mV]","im(rEPhi) [mV]","re(rETheta) [mV]","im(rETheta) [mV]"
1.21,180,90,45,125.264,-16.4452795280876,-40.8970448922933,9.1442822411131,23.4370074126001
"Freq [GHz]","IWavePhi [deg]","IWaveTheta [deg]","Phi [deg]","Theta [deg]","re(rEPhi) [mV]","im(rEPhi) [mV]","re(rETheta) [mV]","im(rETheta) [mV]"
1.21,180,90,-135,54.736,16.5248190366414,40.9467465014419,9.22956799280864,23.4625338607408
"Freq [GHz]","IWavePhi [deg]","IWaveTheta [deg]","Phi [deg]","Theta [deg]","re(rEPhi) [mV]","im(rEPhi) [mV]","re(rETheta) [mV]","im(rETheta) [mV]"
1.21,180,90,-45,125.264,-16.5084002335035,-40.8712294539506,-9.15879329419092,-23.4208994786345
"Freq [GHz]","IWavePhi [deg]","IWaveTheta [deg]","Phi [deg]","Theta [deg]","re(rEPhi) [mV]","im(rEPhi) [mV]","re(rETheta) [mV]","im(rETheta) [mV]"
1.21,180,90,135,125.264,16.5028166544856,40.8447126594775,9.17778538262053,23.4425082370713
"Freq [GHz]","IWavePhi [deg]","IWaveTheta [deg]","Phi [deg]","Theta [deg]","re(rEPhi) [mV]","im(rEPhi) [mV]","re(rETheta) [mV]","im(rETheta) [mV]"
1.21,180,90,-135,125.264,16.4495835086411,40.8273437432229,-9.11273279774712,-23.4215455280084
"Freq [GHz]","IWavePhi [deg]","IWaveTheta [deg]","Phi [deg]","Theta [deg]","re(rEPhi) [mV]","im(rEPhi) [mV]","re(rETheta) [mV]","im(rETheta) [mV]"
1.21,180,90,0,90,2.47686786375447e-15,5.73949042490934e-15,-3.27028364476814e-15,1.63773611779363e-15
"Freq [GHz]","IWavePhi [deg]","IWaveTheta [deg]","Phi [deg]","Theta [deg]","re(rEPhi) [mV]","im(rEPhi) [mV]","re(rETheta) [mV]","im(rETheta) [mV]"
1.21,180,90,180,90,-2.47363247505486e-15,-5.738261708457e-15,-3.27302492939887e-15,1.63512807892346e-15
"Freq [GHz]","IWavePhi [deg]","IWaveTheta [deg]","Phi [deg]","Theta [deg]","re(rEPhi) [mV]","im(rEPhi) [mV]","re(rETheta) [mV]","im(rETheta) [mV]"
1.21,180,90,90,90,1.33687093644068e-19,-1.40047428907561e-18,-2.74721955611595e-15,1.28254103970871e-15
"Freq [GHz]","IWavePhi [deg]","IWaveTheta [deg]","Phi [deg]","Theta [deg]","re(rEPhi) [mV]","im(rEPhi) [mV]","re(rETheta) [mV]","im(rETheta) [mV]"
1.21,180,90,-90,90,4.20398562898142e-18,1.38704415390309e-18,2.33738396449122e-15,-1.6011673060898e-16
"Freq [GHz]","IWavePhi [deg]","IWaveTheta [deg]","Phi [deg]","Theta [deg]","re(rEPhi) [mV]","im(rEPhi) [mV]","re(rETheta) [mV]","im(rETheta) [mV]"
1.21,180,90,0,0,5.50573457605815e-15,4.38244164645815e-15,-2.50235802869873e-18,-8.43299302044388e-19
"Freq [GHz]","IWavePhi [deg]","IWaveTheta [deg]","Phi [deg]","Theta [deg]","re(rEPhi) [mV]","im(rEPhi) [mV]","re(rETheta) [mV]","im(rETheta) [mV]"
1.21,180,90,0,180,-1.80707632703691e-15,4.69344885573765e-15,-2.11492985751758e-18,-1.61102783331439e-18
"Freq [GHz]","IWavePhi [deg]","IWaveTheta [deg]","Phi [deg]","Theta [deg]","re(rEPhi) [mV]","im(rEPhi) [mV]","re(rETheta) [mV]","im(rETheta) [mV]"
1.21,180,90,45,54.736,1.17510342312992e-15,3.52281579691194e-15,-2.64718127694056e-15,3.45411745494426e-15
"Freq [GHz]","IWavePhi [deg]","IWaveTheta [deg]","Phi [deg]","Theta [deg]","re(rEPhi) [mV]","im(rEPhi) [mV]","re(rETheta) [mV]","im(rETheta) [mV]"
1.21,180,90,135,54.736,-1.17238618243869e-15,-3.5208629665177e-15,-2.65274439142795e-15,3.45438740337939e-15
"Freq [GHz]","IWavePhi [deg]","IWaveTheta [deg]","Phi [deg]","Theta [deg]","re(rEPhi) [mV]","im(rEPhi) [mV]","re(rETheta) [mV]","im(rETheta) [mV]"
1.21,180,90,-45,54.736,4.25417100822978e-15,2.91596055150561e-15,-2.42920864359816e-15,-1.18361261872998e-15
"Freq [GHz]","IWavePhi [deg]","IWaveTheta [deg]","Phi [deg]","Theta [deg]","re(rEPhi) [mV]","im(rEPhi) [mV]","re(rETheta) [mV]","im(rETheta) [mV]"
1.21,180,90,45,125.264,-2.87143213796455e-15,3.7692478161698e-15,-1.54198588340727e-15,-7.53158309116065e-16
"Freq [GHz]","IWavePhi [deg]","IWaveTheta [deg]","Phi [deg]","Theta [deg]","re(rEPhi) [mV]","im(rEPhi) [mV]","re(rETheta) [mV]","im(rETheta) [mV]"
1.21,180,90,-135,54.736,-4.25587755746917e-15,-2.91568852514369e-15,-2.43164776197626e-15,-1.17999960216172e-15
"Freq [GHz]","IWavePhi [deg]","IWaveTheta [deg]","Phi [deg]","Theta [deg]","re(rEPhi) [mV]","im(rEPhi) [mV]","re(rETheta) [mV]","im(rETheta) [mV]"
1.21,180,90,-45,125.264,2.49040800073096e-15,2.98621439024079e-15,1.44310153587106e-15,2.1749850483809e-15
"Freq [GHz]","IWavePhi [deg]","IWaveTheta [deg]","Phi [deg]","Theta [deg]","re(rEPhi) [mV]","im(rEPhi) [mV]","re(rETheta) [mV]","im(rETheta) [mV]"
1.21,180,90,135,125.264,2.86407129326017e-15,-3.76358190617583e-15,-1.54588384715713e-15,-7.51463491860949e-16
"Freq [GHz]","IWavePhi [deg]","IWaveTheta [deg]","Phi [deg]","Theta [deg]","re(rEPhi) [mV]","im(rEPhi) [mV]","re(rETheta) [mV]","im(rETheta) [mV]"
1.21,180,90,-135,125.264,-2.48894521415384e-15,-2.98137481506179e-15,1.44283660675762e-15,2.17516053284291e-15
"Freq [GHz]","IWavePhi [deg]","IWaveTheta [deg]","Phi [deg]","Theta [deg]","re(rEPhi) [mV]","im(rEPhi) [mV]","re(rETheta) [mV]","im(rETheta) [mV]"
1.21,180,90,0,90,-4.22013595137201e-18,2.02995555648337e-18,3.27306910075894e-15,-1.63092259404466e-15
"Freq [GHz]","IWavePhi [deg]","IWaveTheta [deg]","Phi [deg]","Theta [deg]","re(rEPhi) [mV]","im(rEPhi) [mV]","re(rETheta) [mV]","im(rETheta) [mV]"
1.21,180,90,180,90,4.80229442343172e-18,-5.01515994929674e-19,3.27395100132013e-15,-1.63234705610609e-15
"Freq [GHz]","IWavePhi [deg]","IWaveTheta [deg]","Phi [deg]","Theta [deg]","re(rEPhi) [mV]","im(rEPhi) [mV]","re(rETheta) [mV]","im(rETheta) [mV]"
1.21,180,90,90,90,7.05453730676703e-19,-3.6787527315484e-19,-2.33490618333239e-15,1.68832164333382e-16
"Freq [GHz]","IWavePhi [deg]","IWaveTheta [deg]","Phi [deg]","Theta [deg]","re(rEPhi) [mV]","im(rEPhi) [mV]","re(rETheta) [mV]","im(rETheta) [mV]"
1.21,180,90,-90,90,-6.78739926008493e-19,1.37175429076259e-19,2.75323681465279e-15,-1.28781228019578e-15
"Freq [GHz]","IWavePhi [deg]","IWaveTheta [deg]","Phi [deg]","Theta [deg]","re(rEPhi) [mV]","im(rEPhi) [mV]","re(rETheta) [mV]","im(rETheta) [mV]"
1.21,180,90,0,0,3.65000446010672e-15,-1.61296108472073e-16,8.95972603790918e-19,4.4936567198364e-19
"Freq [GHz]","IWavePhi [deg]","IWaveTheta [deg]","Phi [deg]","Theta [deg]","re(rEPhi) [mV]","im(rEPhi) [mV]","re(rETheta) [mV]","im(rETheta) [mV]"
1.21,180,90,0,180,-3.66019553665996e-15,1.6458582494618e-16,1.29303935515586e-18,-4.27890426610332e-19
"Freq [GHz]","IWavePhi [deg]","IWaveTheta [deg]","Phi [deg]","Theta [deg]","re(rEPhi) [mV]","im(rEPhi) [mV]","re(rETheta) [mV]","im(rETheta) [mV]"
1.21,180,90,45,54.736,8.78767219940701e-16,-3.62396133634866e-17,4.91193692770199e-16,-4.94748623157937e-16
"Freq [GHz]","IWavePhi [deg]","IWaveTheta [deg]","Phi [deg]","Theta [deg]","re(rEPhi) [mV]","im(rEPhi) [mV]","re(rETheta) [mV]","im(rETheta) [mV]"
1.21,180,90,135,54.736,-8.81050278722616e-16,3.88558625028956e-17,4.90713463874812e-16,-4.93488026589598e-16
"Freq [GHz]","IWavePhi [deg]","IWaveTheta [deg]","Phi [deg]","Theta [deg]","re(rEPhi) [mV]","im(rEPhi) [mV]","re(rETheta) [mV]","im(rETheta) [mV]"
1.21,180,90,-45,54.736,2.01806473585095e-15,-1.2068322630841e-16,2.10442812541336e-15,-1.35243912807828e-15
"Freq [GHz]","IWavePhi [deg]","IWaveTheta [deg]","Phi [deg]","Theta [deg]","re(rEPhi) [mV]","im(rEPhi) [mV]","re(rETheta) [mV]","im(rETheta) [mV]"
1.21,180,90,45,125.264,-8.84052937161564e-16,4.02677641514364e-17,4.95813904286414e-16,-4.91381113822185e-16
"Freq [GHz]","IWavePhi [deg]","IWaveTheta [deg]","Phi [deg]","Theta [deg]","re(rEPhi) [mV]","im(rEPhi) [mV]","re(rETheta) [mV]","im(rETheta) [mV]"
1.21,180,90,-135,54.736,-2.01856917181161e-15,1.20852921456501e-16,2.10248416412895e-15,-1.35559202145699e-15
"Freq [GHz]","IWavePhi [deg]","IWaveTheta [deg]","Phi [deg]","Theta [deg]","re(rEPhi) [mV]","im(rEPhi) [mV]","re(rETheta) [mV]","im(rETheta) [mV]"
1.21,180,90,-45,125.264,-2.02670083870151e-15,1.26375325382116e-16,2.09967505260856e-15,-1.35408746360975e-15
"Freq [GHz]","IWavePhi [deg]","IWaveTheta [deg]","Phi [deg]","Theta [deg]","re(rEPhi) [mV]","im(rEPhi) [mV]","re(rETheta) [mV]","im(rETheta) [mV]"
1.21,180,90,135,125.264,8.81064473219694e-16,-3.74379006796435e-17,4.9187342908031e-16,-4.92072213941719e-16
"Freq [GHz]","IWavePhi [deg]","IWaveTheta [deg]","Phi [deg]","Theta [deg]","re(rEPhi) [mV]","im(rEPhi) [mV]","re(rETheta) [mV]","im(rETheta) [mV]"
1.21,180,90,-135,125.264,2.02736731258587e-15,-1.25094118074801e-16,2.09593548753299e-15,-1.34792598384148e-15
"Freq [GHz]","IWavePhi [deg]","IWaveTheta [deg]","Phi [deg]","Theta [deg]","re(rEPhi) [mV]","im(rEPhi) [mV]","re(rETheta) [mV]","im(rETheta) [mV]"
1.21,180,90,0,90,21.607231189799,56.2512696091137,-0.023526272616952,-0.0379404985960691
"Freq [GHz]","IWavePhi [deg]","IWaveTheta [deg]","Phi [deg]","Theta [deg]","re(rEPhi) [mV]","im(rEPhi) [mV]","re(rETheta) [mV]","im(rETheta) [mV]"
1.21,180,90,180,90,-21.5950566290231,-56.2571703628787,-0.0428937318489926,-0.0143171278369538
"Freq [GHz]","IWavePhi [deg]","IWaveTheta [deg]","Phi [deg]","Theta [deg]","re(rEPhi) [mV]","im(rEPhi) [mV]","re(rETheta) [mV]","im(rETheta) [mV]"
1.21,180,90,90,90,-0.00635215990933178,0.00255025008731184,22.7995884010914,-1.0023227389437
"Freq [GHz]","IWavePhi [deg]","IWaveTheta [deg]","Phi [deg]","Theta [deg]","re(rEPhi) [mV]","im(rEPhi) [mV]","re(rETheta) [mV]","im(rETheta) [mV]"
1.21,180,90,-90,90,0.030619003740547,0.00918233549946149,-22.8140987485105,0.998948939772978
"Freq [GHz]","IWavePhi [deg]","IWaveTheta [deg]","Phi [deg]","Theta [deg]","re(rEPhi) [mV]","im(rEPhi) [mV]","re(rETheta) [mV]","im(rETheta) [mV]"
1.21,180,90,0,0,29.9405268183802,51.7720466460368,-0.000601777911555651,0.000756719390063483
"Freq [GHz]","IWavePhi [deg]","IWaveTheta [deg]","Phi [deg]","Theta [deg]","re(rEPhi) [mV]","im(rEPhi) [mV]","re(rETheta) [mV]","im(rETheta) [mV]"
1.21,180,90,0,180,7.53961624833404,37.2046635717917,-0.0124790386689206,-0.0170458448177136
"Freq [GHz]","IWavePhi [deg]","IWaveTheta [deg]","Phi [deg]","Theta [deg]","re(rEPhi) [mV]","im(rEPhi) [mV]","re(rETheta) [mV]","im(rETheta) [mV]"
1.21,180,90,45,54.736,16.8579767587938,35.1007928618929,24.9490702080023,19.4139195950785
"Freq [GHz]","IWavePhi [deg]","IWaveTheta [deg]","Phi [deg]","Theta [deg]","re(rEPhi) [mV]","im(rEPhi) [mV]","re(rETheta) [mV]","im(rETheta) [mV]"
1.21,180,90,135,54.736,-16.8170777474396,-35.0948688316258,24.9314195581946,19.4297141471571
"Freq [GHz]","IWavePhi [deg]","IWaveTheta [deg]","Phi [deg]","Theta [deg]","re(rEPhi) [mV]","im(rEPhi) [mV]","re(rETheta) [mV]","im(rETheta) [mV]"
1.21,180,90,-45,54.736,16.8725988436088,35.1191188681161,-24.9822305982842,-19.4693796540841
"Freq [GHz]","IWavePhi [deg]","IWaveTheta [deg]","Phi [deg]","Theta [deg]","re(rEPhi) [mV]","im(rEPhi) [mV]","re(rETheta) [mV]","im(rETheta) [mV]"
1.21,180,90,45,125.264,8.63245528235346,29.5404784820276,9.17410244392279,-17.6245577586003
"Freq [GHz]","IWavePhi [deg]","IWaveTheta [deg]","Phi [deg]","Theta [deg]","re(rEPhi) [mV]","im(rEPhi) [mV]","re(rETheta) [mV]","im(rETheta) [mV]"
1.21,180,90,-135,54.736,-16.8986708028941,-35.1125573560709,-24.9873211680217,-19.4487349089127
"Freq [GHz]","IWavePhi [deg]","IWaveTheta [deg]","Phi [deg]","Theta [deg]","re(rEPhi) [mV]","im(rEPhi) [mV]","re(rETheta) [mV]","im(rETheta) [mV]"
1.21,180,90,-45,125.264,8.71195146392848,29.4914394527304,-9.17253977357396,17.5893564678424
"Freq [GHz]","IWavePhi [deg]","IWaveTheta [deg]","Phi [deg]","Theta [deg]","re(rEPhi) [mV]","im(rEPhi) [mV]","re(rETheta) [mV]","im(rETheta) [mV]"
1.21,180,90,135,125.264,-8.67999356739543,-29.5048909740752,9.13893816070415,-17.6182251669853
"Freq [GHz]","IWavePhi [deg]","IWaveTheta [deg]","Phi [deg]","Theta [deg]","re(rEPhi) [mV]","im(rEPhi) [mV]","re(rETheta) [mV]","im(rETheta) [mV]"
1.21,180,90,-135,125.264,-8.65290863162121,-29.4616744699419,-9.20028953288489,17.5569062170915
"Freq [GHz]","IWavePhi [deg]","IWaveTheta [deg]","Phi [deg]","Theta [deg]","re(rEPhi) [mV]","im(rEPhi) [mV]","re(rETheta) [mV]","im(rETheta) [mV]"
1.21,180,90,0,90,21.5585892033803,56.2685949196143,-0.000125048679878276,0.0161794931572945
"Freq [GHz]","IWavePhi [deg]","IWaveTheta [deg]","Phi [deg]","Theta [deg]","re(rEPhi) [mV]","im(rEPhi) [mV]","re(rETheta) [mV]","im(rETheta) [mV]"
1.21,180,90,180,90,-21.5383935943761,-56.292093674503,-0.0167347339493997,-0.00859562941394755
"Freq [GHz]","IWavePhi [deg]","IWaveTheta [deg]","Phi [deg]","Theta [deg]","re(rEPhi) [mV]","im(rEPhi) [mV]","re(rETheta) [mV]","im(rETheta) [mV]"
1.21,180,90,90,90,-0.0150843815939065,-0.00515335427446217,-22.7274962741415,0.973925039507944
"Freq [GHz]","IWavePhi [deg]","IWaveTheta [deg]","Phi [deg]","Theta [deg]","re(rEPhi) [mV]","im(rEPhi) [mV]","re(rETheta) [mV]","im(rETheta) [mV]"
1.21,180,90,-90,90,0.0303764684629372,0.0057201461515178,22.7835056006132,-0.970745470429364
"Freq [GHz]","IWavePhi [deg]","IWaveTheta [deg]","Phi [deg]","Theta [deg]","re(rEPhi) [mV]","im(rEPhi) [mV]","re(rETheta) [mV]","im(rETheta) [mV]"
1.21,180,90,0,0,7.52318555479662,37.2910489086662,-0.0104280763780599,-0.00082847980543882
"Freq [GHz]","IWavePhi [deg]","IWaveTheta [deg]","Phi [deg]","Theta [deg]","re(rEPhi) [mV]","im(rEPhi) [mV]","re(rETheta) [mV]","im(rETheta) [mV]"
1.21,180,90,0,180,29.9238474001589,51.7449878220428,-0.0111418582789467,-0.0121346617255818
"Freq [GHz]","IWavePhi [deg]","IWaveTheta [deg]","Phi [deg]","Theta [deg]","re(rEPhi) [mV]","im(rEPhi) [mV]","re(rETheta) [mV]","im(rETheta) [mV]"
1.21,180,90,45,54.736,8.67585073936666,29.5583469389436,-9.12863160742215,17.5961114071296
"Freq [GHz]","IWavePhi [deg]","IWaveTheta [deg]","Phi [deg]","Theta [deg]","re(rEPhi) [mV]","im(rEPhi) [mV]","re(rETheta) [mV]","im(rETheta) [mV]"
1.21,180,90,135,54.736,-8.62270203867156,-29.5527032766073,-9.18830508462165,17.6148401262377
"Freq [GHz]","IWavePhi [deg]","IWaveTheta [deg]","Phi [deg]","Theta [deg]","re(rEPhi) [mV]","im(rEPhi) [mV]","re(rETheta) [mV]","im(rETheta) [mV]"
1.21,180,90,-45,54.736,8.65131887856304,29.5858986405326,9.18148715404503,-17.6208287654054
"Freq [GHz]","IWavePhi [deg]","IWaveTheta [deg]","Phi [deg]","Theta [deg]","re(rEPhi) [mV]","im(rEPhi) [mV]","re(rETheta) [mV]","im(rETheta) [mV]"
1.21,180,90,45,125.264,16.8135811449433,35.0907037308767,-24.8681616223973,-19.420978644866
"Freq [GHz]","IWavePhi [deg]","IWaveTheta [deg]","Phi [deg]","Theta [deg]","re(rEPhi) [mV]","im(rEPhi) [mV]","re(rETheta) [mV]","im(rETheta) [mV]"
1.21,180,90,-135,54.736,-8.67062465645632,-29.5869372261409,9.15930551759693,-17.6298469790164
"Freq [GHz]","IWavePhi [deg]","IWaveTheta [deg]","Phi [deg]","Theta [deg]","re(rEPhi) [mV]","im(rEPhi) [mV]","re(rETheta) [mV]","im(rETheta) [mV]"
1.21,180,90,-45,125.264,16.8312216830901,35.0918967105745,24.8939126071132,19.4208967366919
"Freq [GHz]","IWavePhi [deg]","IWaveTheta [deg]","Phi [deg]","Theta [deg]","re(rEPhi) [mV]","im(rEPhi) [mV]","re(rETheta) [mV]","im(rETheta) [mV]"
1.21,180,90,135,125.264,-16.8562470938132,-35.0448103807005,-24.8868178750374,-19.435158957061
"Freq [GHz]","IWavePhi [deg]","IWaveTheta [deg]","Phi [deg]","Theta [deg]","re(rEPhi) [mV]","im(rEPhi) [mV]","re(rETheta) [mV]","im(rETheta) [mV]"
1.21,180,90,-135,125.264,-16.7987071859719,-35.0511393302789,24.8502932470329,19.4546356022534
"Freq [GHz]","IWavePhi [deg]","IWaveTheta [deg]","Phi [deg]","Theta [deg]","re(rEPhi) [mV]","im(rEPhi) [mV]","re(rETheta) [mV]","im(rETheta) [mV]"
1.21,180,90,0,90,16.7313981636623,40.839766914014,-0.0229036796093972,-1.23903550011508
"Freq [GHz]","IWavePhi [deg]","IWaveTheta [deg]","Phi [deg]","Theta [deg]","re(rEPhi) [mV]","im(rEPhi) [mV]","re(rETheta) [mV]","im(rETheta) [mV]"
1.21,180,90,180,90,-16.7211558165062,-40.8438446481909,-0.030205571692479,-1.22350155385255
"Freq [GHz]","IWavePhi [deg]","IWaveTheta [deg]","Phi [deg]","Theta [deg]","re(rEPhi) [mV]","im(rEPhi) [mV]","re(rETheta) [mV]","im(rETheta) [mV]"
1.21,180,90,90,90,0.000888391087851711,0.00202344845960087,12.651508910652,-0.728956435300621
"Freq [GHz]","IWavePhi [deg]","IWaveTheta [deg]","Phi [deg]","Theta [deg]","re(rEPhi) [mV]","im(rEPhi) [mV]","re(rETheta) [mV]","im(rETheta) [mV]"
1.21,180,90,-90,90,0.0235855765451737,0.0119342827888652,-5.54070789895673,0.153557292091068
"Freq [GHz]","IWavePhi [deg]","IWaveTheta [deg]","Phi [deg]","Theta [deg]","re(rEPhi) [mV]","im(rEPhi) [mV]","re(rETheta) [mV]","im(rETheta) [mV]"
1.21,180,90,0,0,17.0751719642076,35.1203391101315,-0.000716635539816832,0.00187905862423233
"Freq [GHz]","IWavePhi [deg]","IWaveTheta [deg]","Phi [deg]","Theta [deg]","re(rEPhi) [mV]","im(rEPhi) [mV]","re(rETheta) [mV]","im(rETheta) [mV]"
1.21,180,90,0,180,8.90332572651476,29.4607217271457,-0.00874535641335876,-0.0109284970080139
"Freq [GHz]","IWavePhi [deg]","IWaveTheta [deg]","Phi [deg]","Theta [deg]","re(rEPhi) [mV]","im(rEPhi) [mV]","re(rETheta) [mV]","im(rETheta) [mV]"
1.21,180,90,45,54.736,3.21957771146709,25.9253528172274,8.60996038132572,13.9353596421714
"Freq [GHz]","IWavePhi [deg]","IWaveTheta [deg]","Phi [deg]","Theta [deg]","re(rEPhi) [mV]","im(rEPhi) [mV]","re(rETheta) [mV]","im(rETheta) [mV]"
1.21,180,90,135,54.736,-3.18864450667917,-25.9296001698186,8.58396020461534,13.9466284377708
"Freq [GHz]","IWavePhi [deg]","IWaveTheta [deg]","Phi [deg]","Theta [deg]","re(rEPhi) [mV]","im(rEPhi) [mV]","re(rETheta) [mV]","im(rETheta) [mV]"
1.21,180,90,-45,54.736,18.3852568277497,23.1636767888141,-15.150327680059,-13.6160967670737
"Freq [GHz]","IWavePhi [deg]","IWaveTheta [deg]","Phi [deg]","Theta [deg]","re(rEPhi) [mV]","im(rEPhi) [mV]","re(rETheta) [mV]","im(rETheta) [mV]"
1.21,180,90,45,125.264,-0.623287680730107,23.6170383825194,7.25956842823911,-14.5470593047379
"Freq [GHz]","IWavePhi [deg]","IWaveTheta [deg]","Phi [deg]","Theta [deg]","re(rEPhi) [mV]","im(rEPhi) [mV]","re(rETheta) [mV]","im(rETheta) [mV]"
1.21,180,90,-135,54.736,-18.3987336228782,-23.1669202134751,-15.1565139842409,-13.5971204188477
"Freq [GHz]","IWavePhi [deg]","IWaveTheta [deg]","Phi [deg]","Theta [deg]","re(rEPhi) [mV]","im(rEPhi) [mV]","re(rETheta) [mV]","im(rETheta) [mV]"
1.21,180,90,-45,125.264,16.1162657847688,21.1355389283517,4.75568857521069,11.6978648575103
"Freq [GHz]","IWavePhi [deg]","IWaveTheta [deg]","Phi [deg]","Theta [deg]","re(rEPhi) [mV]","im(rEPhi) [mV]","re(rETheta) [mV]","im(rETheta) [mV]"
1.21,180,90,135,125.264,0.590319355652279,-23.5812047686151,7.23900477815587,-14.5428921109246
"Freq [GHz]","IWavePhi [deg]","IWaveTheta [deg]","Phi [deg]","Theta [deg]","re(rEPhi) [mV]","im(rEPhi) [mV]","re(rETheta) [mV]","im(rETheta) [mV]"
1.21,180,90,-135,125.264,-16.0849665061817,-21.1123173993148,4.73589960597791,11.6863821004663
"Freq [GHz]","IWavePhi [deg]","IWaveTheta [deg]","Phi [deg]","Theta [deg]","re(rEPhi) [mV]","im(rEPhi) [mV]","re(rETheta) [mV]","im(rETheta) [mV]"
1.21,180,90,0,90,-16.7313981636623,-40.839766914014,0.0229036796093972,1.23903550011508
"Freq [GHz]","IWavePhi [deg]","IWaveTheta [deg]","Phi [deg]","Theta [deg]","re(rEPhi) [mV]","im(rEPhi) [mV]","re(rETheta) [mV]","im(rETheta) [mV]"
1.21,180,90,180,90,16.7211558165062,40.8438446481909,0.030205571692479,1.22350155385255
"Freq [GHz]","IWavePhi [deg]","IWaveTheta [deg]","Phi [deg]","Theta [deg]","re(rEPhi) [mV]","im(rEPhi) [mV]","re(rETheta) [mV]","im(rETheta) [mV]"
1.21,180,90,90,90,-0.000888391087851711,-0.00202344845960087,-12.651508910652,0.728956435300621
"Freq [GHz]","IWavePhi [deg]","IWaveTheta [deg]","Phi [deg]","Theta [deg]","re(rEPhi) [mV]","im(rEPhi) [mV]","re(rETheta) [mV]","im(rETheta) [mV]"
1.21,180,90,-90,90,-0.0235855765451737,-0.0119342827888652,5.54070789895673,-0.153557292091068
"Freq [GHz]","IWavePhi [deg]","IWaveTheta [deg]","Phi [deg]","Theta [deg]","re(rEPhi) [mV]","im(rEPhi) [mV]","re(rETheta) [mV]","im(rETheta) [mV]"
1.21,180,90,0,0,-17.0751719642076,-35.1203391101315,0.000716635539816832,-0.00187905862423233
"Freq [GHz]","IWavePhi [deg]","IWaveTheta [deg]","Phi [deg]","Theta [deg]","re(rEPhi) [mV]","im(rEPhi) [mV]","re(rETheta) [mV]","im(rETheta) [mV]"
1.21,180,90,0,180,-8.90332572651476,-29.4607217271457,0.00874535641335876,0.0109284970080139
"Freq [GHz]","IWavePhi [deg]","IWaveTheta [deg]","Phi [deg]","Theta [deg]","re(rEPhi) [mV]","im(rEPhi) [mV]","re(rETheta) [mV]","im(rETheta) [mV]"
1.21,180,90,45,54.736,-3.21957771146709,-25.9253528172274,-8.60996038132572,-13.9353596421714
"Freq [GHz]","IWavePhi [deg]","IWaveTheta [deg]","Phi [deg]","Theta [deg]","re(rEPhi) [mV]","im(rEPhi) [mV]","re(rETheta) [mV]","im(rETheta) [mV]"
1.21,180,90,135,54.736,3.18864450667917,25.9296001698186,-8.58396020461534,-13.9466284377708
"Freq [GHz]","IWavePhi [deg]","IWaveTheta [deg]","Phi [deg]","Theta [deg]","re(rEPhi) [mV]","im(rEPhi) [mV]","re(rETheta) [mV]","im(rETheta) [mV]"
1.21,180,90,-45,54.736,-18.3852568277497,-23.1636767888141,15.150327680059,13.6160967670737
"Freq [GHz]","IWavePhi [deg]","IWaveTheta [deg]","Phi [deg]","Theta [deg]","re(rEPhi) [mV]","im(rEPhi) [mV]","re(rETheta) [mV]","im(rETheta) [mV]"
1.21,180,90,45,125.264,0.623287680730107,-23.6170383825194,-7.25956842823911,14.5470593047379
"Freq [GHz]","IWavePhi [deg]","IWaveTheta [deg]","Phi [deg]","Theta [deg]","re(rEPhi) [mV]","im(rEPhi) [mV]","re(rETheta) [mV]","im(rETheta) [mV]"
1.21,180,90,-135,54.736,18.3987336228782,23.1669202134751,15.1565139842409,13.5971204188477
"Freq [GHz]","IWavePhi [deg]","IWaveTheta [deg]","Phi [deg]","Theta [deg]","re(rEPhi) [mV]","im(rEPhi) [mV]","re(rETheta) [mV]","im(rETheta) [mV]"
1.21,180,90,-45,125.264,-16.1162657847688,-21.1355389283517,-4.75568857521069,-11.6978648575103
"Freq [GHz]","IWavePhi [deg]","IWaveTheta [deg]","Phi [deg]","Theta [deg]","re(rEPhi) [mV]","im(rEPhi) [mV]","re(rETheta) [mV]","im(rETheta) [mV]"
1.21,180,90,135,125.264,-0.590319355652279,23.5812047686151,-7.23900477815587,14.5428921109246
"Freq [GHz]","IWavePhi [deg]","IWaveTheta [deg]","Phi [deg]","Theta [deg]","re(rEPhi) [mV]","im(rEPhi) [mV]","re(rETheta) [mV]","im(rETheta) [mV]"
1.21,180,90,-135,125.264,16.0849665061817,21.1123173993148,-4.73589960597791,-11.6863821004663
"Freq [GHz]","IWavePhi [deg]","IWaveTheta [deg]","Phi [deg]","Theta [deg]","re(rEPhi) [mV]","im(rEPhi) [mV]","re(rETheta) [mV]","im(rETheta) [mV]"
1.21,180,90,0,90,16.7243027800113,40.838147396383,-0.00671032832598946,1.20600261949639
"Freq [GHz]","IWavePhi [deg]","IWaveTheta [deg]","Phi [deg]","Theta [deg]","re(rEPhi) [mV]","im(rEPhi) [mV]","re(rETheta) [mV]","im(rETheta) [mV]"
1.21,180,90,180,90,-16.714474206254,-40.8499170714731,-0.0254807309474459,1.20906820651541
"Freq [GHz]","IWavePhi [deg]","IWaveTheta [deg]","Phi [deg]","Theta [deg]","re(rEPhi) [mV]","im(rEPhi) [mV]","re(rETheta) [mV]","im(rETheta) [mV]"
1.21,180,90,90,90,-0.0127786924112544,-0.000677810120404159,5.51383468624325,-0.136095479807047
"Freq [GHz]","IWavePhi [deg]","IWaveTheta [deg]","Phi [deg]","Theta [deg]","re(rEPhi) [mV]","im(rEPhi) [mV]","re(rETheta) [mV]","im(rETheta) [mV]"
1.21,180,90,-90,90,0.020442226089597,0.000508945348917173,-12.6282683085695,0.712007517290583
"Freq [GHz]","IWavePhi [deg]","IWaveTheta [deg]","Phi [deg]","Theta [deg]","re(rEPhi) [mV]","im(rEPhi) [mV]","re(rETheta) [mV]","im(rETheta) [mV]"
1.21,180,90,0,0,17.0878851532672,35.121089731731,-0.00343639576182081,-0.00164217959812898
"Freq [GHz]","IWavePhi [deg]","IWaveTheta [deg]","Phi [deg]","Theta [deg]","re(rEPhi) [mV]","im(rEPhi) [mV]","re(rETheta) [mV]","im(rETheta) [mV]"
1.21,180,90,0,180,8.88919313046078,29.4872157760167,-0.00905073764564276,-0.0124180038764346
"Freq [GHz]","IWavePhi [deg]","IWaveTheta [deg]","Phi [deg]","Theta [deg]","re(rEPhi) [mV]","im(rEPhi) [mV]","re(rETheta) [mV]","im(rETheta) [mV]"
1.21,180,90,45,54.736,18.3878876680815,23.1567237696869,15.1284143405839,13.5819843152012
"Freq [GHz]","IWavePhi [deg]","IWaveTheta [deg]","Phi [deg]","Theta [deg]","re(rEPhi) [mV]","im(rEPhi) [mV]","re(rETheta) [mV]","im(rETheta) [mV]"
1.21,180,90,135,54.736,-18.3558399678435,-23.1441255293066,15.1150447765706,13.5945804276454
"Freq [GHz]","IWavePhi [deg]","IWaveTheta [deg]","Phi [deg]","Theta [deg]","re(rEPhi) [mV]","im(rEPhi) [mV]","re(rETheta) [mV]","im(rETheta) [mV]"
1.21,180,90,-45,54.736,3.23054437017744,25.9540335374031,-8.61311304005488,-13.9697143520945
"Freq [GHz]","IWavePhi [deg]","IWaveTheta [deg]","Phi [deg]","Theta [deg]","re(rEPhi) [mV]","im(rEPhi) [mV]","re(rETheta) [mV]","im(rETheta) [mV]"
1.21,180,90,45,125.264,16.062666753832,21.1568431499239,-4.77281123863557,-11.7017923555122
"Freq [GHz]","IWavePhi [deg]","IWaveTheta [deg]","Phi [deg]","Theta [deg]","re(rEPhi) [mV]","im(rEPhi) [mV]","re(rETheta) [mV]","im(rETheta) [mV]"
1.21,180,90,-135,54.736,-3.25328983802165,-25.944241264344,-8.62030965985849,-13.9684789542263
"Freq [GHz]","IWavePhi [deg]","IWaveTheta [deg]","Phi [deg]","Theta [deg]","re(rEPhi) [mV]","im(rEPhi) [mV]","re(rETheta) [mV]","im(rETheta) [mV]"
1.21,180,90,-45,125.264,-0.584829194681663,23.5906344094758,-7.23946945655662,14.5222927607174
"Freq [GHz]","IWavePhi [deg]","IWaveTheta [deg]","Phi [deg]","Theta [deg]","re(rEPhi) [mV]","im(rEPhi) [mV]","re(rETheta) [mV]","im(rETheta) [mV]"
1.21,180,90,135,125.264,-16.0968533784693,-21.1366834857895,-4.79672000242832,-11.7038185471565
"Freq [GHz]","IWavePhi [deg]","IWaveTheta [deg]","Phi [deg]","Theta [deg]","re(rEPhi) [mV]","im(rEPhi) [mV]","re(rETheta) [mV]","im(rETheta) [mV]"
1.21,180,90,-135,125.264,0.630993023996677,-23.5677198142733,-7.26635961210879,14.5087981260148
"Freq [GHz]","IWavePhi [deg]","IWaveTheta [deg]","Phi [deg]","Theta [deg]","re(rEPhi) [mV]","im(rEPhi) [mV]","re(rETheta) [mV]","im(rETheta) [mV]"
1.21,180,90,0,90,16.7166268987965,40.8512961538363,-0.0268308803850406,1.18968656936842
"Freq [GHz]","IWavePhi [deg]","IWaveTheta [deg]","Phi [deg]","Theta [deg]","re(rEPhi) [mV]","im(rEPhi) [mV]","re(rETheta) [mV]","im(rETheta) [mV]"
1.21,180,90,180,90,-16.7043685389823,-40.8622546502187,-0.0406894435356814,1.18355233573735
"Freq [GHz]","IWavePhi [deg]","IWaveTheta [deg]","Phi [deg]","Theta [deg]","re(rEPhi) [mV]","im(rEPhi) [mV]","re(rETheta) [mV]","im(rETheta) [mV]"
1.21,180,90,90,90,-0.00382221554328898,-0.00194562916499191,-12.585569071626,0.683357677787185
"Freq [GHz]","IWavePhi [deg]","IWaveTheta [deg]","Phi [deg]","Theta [deg]","re(rEPhi) [mV]","im(rEPhi) [mV]","re(rETheta) [mV]","im(rETheta) [mV]"
1.21,180,90,-90,90,0.0240159053097454,0.00957951462964297,5.48588884249601,-0.127932391776675
"Freq [GHz]","IWavePhi [deg]","IWaveTheta [deg]","Phi [deg]","Theta [deg]","re(rEPhi) [mV]","im(rEPhi) [mV]","re(rETheta) [mV]","im(rETheta) [mV]"
1.21,180,90,0,0,8.88546434141271,29.5341061551446,-0.00611943114789314,0.000730988298574373
"Freq [GHz]","IWavePhi [deg]","IWaveTheta [deg]","Phi [deg]","Theta [deg]","re(rEPhi) [mV]","im(rEPhi) [mV]","re(rETheta) [mV]","im(rETheta) [mV]"
1.21,180,90,0,180,17.0833576673713,35.0782808229589,-0.00791190864754933,-0.00904567230147739
"Freq [GHz]","IWavePhi [deg]","IWaveTheta [deg]","Phi [deg]","Theta [deg]","re(rEPhi) [mV]","im(rEPhi) [mV]","re(rETheta) [mV]","im(rETheta) [mV]"
1.21,180,90,45,54.736,-0.603939066813589,23.6087283808317,-7.2304441077627,14.5036065680543
"Freq [GHz]","IWavePhi [deg]","IWaveTheta [deg]","Phi [deg]","Theta [deg]","re(rEPhi) [mV]","im(rEPhi) [mV]","re(rETheta) [mV]","im(rETheta) [mV]"
1.21,180,90,135,54.736,0.640495525756506,-23.6135136132282,-7.26864713914614,14.5136441963922
"Freq [GHz]","IWavePhi [deg]","IWaveTheta [deg]","Phi [deg]","Theta [deg]","re(rEPhi) [mV]","im(rEPhi) [mV]","re(rETheta) [mV]","im(rETheta) [mV]"
1.21,180,90,-45,54.736,16.0918969167895,21.205009461331,-4.80310570984074,-11.7490416455698
"Freq [GHz]","IWavePhi [deg]","IWaveTheta [deg]","Phi [deg]","Theta [deg]","re(rEPhi) [mV]","im(rEPhi) [mV]","re(rETheta) [mV]","im(rETheta) [mV]"
1.21,180,90,45,125.264,3.20100241320046,25.9306567939386,-8.56460365882299,-13.9731482860306
"Freq [GHz]","IWavePhi [deg]","IWaveTheta [deg]","Phi [deg]","Theta [deg]","re(rEPhi) [mV]","im(rEPhi) [mV]","re(rETheta) [mV]","im(rETheta) [mV]"
1.21,180,90,-135,54.736,-16.102612038782,-21.2100491555919,-4.81539698818064,-11.7369233648238
"Freq [GHz]","IWavePhi [deg]","IWaveTheta [deg]","Phi [deg]","Theta [deg]","re(rEPhi) [mV]","im(rEPhi) [mV]","re(rETheta) [mV]","im(rETheta) [mV]"
1.21,180,90,-45,125.264,18.3778961508385,23.1365641451067,15.0737378242055,13.5661698796187
"Freq [GHz]","IWavePhi [deg]","IWaveTheta [deg]","Phi [deg]","Theta [deg]","re(rEPhi) [mV]","im(rEPhi) [mV]","re(rETheta) [mV]","im(rETheta) [mV]"
1.21,180,90,135,125.264,-3.23400487043053,-25.89064648912,-8.58204322035606,-13.9798139898905
"Freq [GHz]","IWavePhi [deg]","IWaveTheta [deg]","Phi [deg]","Theta [deg]","re(rEPhi) [mV]","im(rEPhi) [mV]","re(rETheta) [mV]","im(rETheta) [mV]"
1.21,180,90,-135,125.264,-18.3586874385938,-23.1112012869717,15.0445984040338,13.5802249751698
"Freq [GHz]","IWavePhi [deg]","IWaveTheta [deg]","Phi [deg]","Theta [deg]","re(rEPhi) [mV]","im(rEPhi) [mV]","re(rETheta) [mV]","im(rETheta) [mV]"
1.21,180,90,0,90,-16.7243027800113,-40.838147396383,0.00671032832595051,-1.20600261949642
"Freq [GHz]","IWavePhi [deg]","IWaveTheta [deg]","Phi [deg]","Theta [deg]","re(rEPhi) [mV]","im(rEPhi) [mV]","re(rETheta) [mV]","im(rETheta) [mV]"
1.21,180,90,180,90,16.714474206254,40.8499170714731,0.0254807309474848,-1.20906820651544
"Freq [GHz]","IWavePhi [deg]","IWaveTheta [deg]","Phi [deg]","Theta [deg]","re(rEPhi) [mV]","im(rEPhi) [mV]","re(rETheta) [mV]","im(rETheta) [mV]"
1.21,180,90,90,90,0.0127786924112544,0.000677810120404159,-5.51383468624325,0.136095479806995
"Freq [GHz]","IWavePhi [deg]","IWaveTheta [deg]","Phi [deg]","Theta [deg]","re(rEPhi) [mV]","im(rEPhi) [mV]","re(rETheta) [mV]","im(rETheta) [mV]"
1.21,180,90,-90,90,-0.020442226089597,-0.000508945348917173,12.6282683085695,-0.712007517290635
"Freq [GHz]","IWavePhi [deg]","IWaveTheta [deg]","Phi [deg]","Theta [deg]","re(rEPhi) [mV]","im(rEPhi) [mV]","re(rETheta) [mV]","im(rETheta) [mV]"
1.21,180,90,0,0,-17.0878851532672,-35.121089731731,0.00343639576182081,0.00164217959812898
"Freq [GHz]","IWavePhi [deg]","IWaveTheta [deg]","Phi [deg]","Theta [deg]","re(rEPhi) [mV]","im(rEPhi) [mV]","re(rETheta) [mV]","im(rETheta) [mV]"
1.21,180,90,0,180,-8.88919313046078,-29.4872157760167,0.00905073764564276,0.0124180038764346
"Freq [GHz]","IWavePhi [deg]","IWaveTheta [deg]","Phi [deg]","Theta [deg]","re(rEPhi) [mV]","im(rEPhi) [mV]","re(rETheta) [mV]","im(rETheta) [mV]"
1.21,180,90,45,54.736,-18.3878876680815,-23.1567237696869,-15.1284143405839,-13.5819843152013
"Freq [GHz]","IWavePhi [deg]","IWaveTheta [deg]","Phi [deg]","Theta [deg]","re(rEPhi) [mV]","im(rEPhi) [mV]","re(rETheta) [mV]","im(rETheta) [mV]"
1.21,180,90,135,54.736,18.3558399678435,23.1441255293066,-15.1150447765705,-13.5945804276454
"Freq [GHz]","IWavePhi [deg]","IWaveTheta [deg]","Phi [deg]","Theta [deg]","re(rEPhi) [mV]","im(rEPhi) [mV]","re(rETheta) [mV]","im(rETheta) [mV]"
1.21,180,90,-45,54.736,-3.23054437017744,-25.9540335374031,8.61311304005487,13.9697143520945
"Freq [GHz]","IWavePhi [deg]","IWaveTheta [deg]","Phi [deg]","Theta [deg]","re(rEPhi) [mV]","im(rEPhi) [mV]","re(rETheta) [mV]","im(rETheta) [mV]"
1.21,180,90,45,125.264,-16.062666753832,-21.1568431499239,4.77281123863553,11.7017923555122
"Freq [GHz]","IWavePhi [deg]","IWaveTheta [deg]","Phi [deg]","Theta [deg]","re(rEPhi) [mV]","im(rEPhi) [mV]","re(rETheta) [mV]","im(rETheta) [mV]"
1.21,180,90,-135,54.736,3.25328983802165,25.944241264344,8.62030965985852,13.9684789542263
"Freq [GHz]","IWavePhi [deg]","IWaveTheta [deg]","Phi [deg]","Theta [deg]","re(rEPhi) [mV]","im(rEPhi) [mV]","re(rETheta) [mV]","im(rETheta) [mV]"
1.21,180,90,-45,125.264,0.584829194681663,-23.5906344094758,7.23946945655657,-14.5222927607174
"Freq [GHz]","IWavePhi [deg]","IWaveTheta [deg]","Phi [deg]","Theta [deg]","re(rEPhi) [mV]","im(rEPhi) [mV]","re(rETheta) [mV]","im(rETheta) [mV]"
1.21,180,90,135,125.264,16.0968533784693,21.1366834857895,4.79672000242833,11.7038185471564
"Freq [GHz]","IWavePhi [deg]","IWaveTheta [deg]","Phi [deg]","Theta [deg]","re(rEPhi) [mV]","im(rEPhi) [mV]","re(rETheta) [mV]","im(rETheta) [mV]"
1.21,180,90,-135,125.264,-0.630993023996677,23.5677198142733,7.2663596121088,-14.5087981260148
"Freq [GHz]","IWavePhi [deg]","IWaveTheta [deg]","Phi [deg]","Theta [deg]","re(rEPhi) [mV]","im(rEPhi) [mV]","re(rETheta) [mV]","im(rETheta) [mV]"
1.21,180,90,0,90,16.7061449022425,40.8384179748079,0.0133436734882043,-1.18218263380581
"Freq [GHz]","IWavePhi [deg]","IWaveTheta [deg]","Phi [deg]","Theta [deg]","re(rEPhi) [mV]","im(rEPhi) [mV]","re(rETheta) [mV]","im(rETheta) [mV]"
1.21,180,90,180,90,-16.6918137624826,-40.8564244106637,0.0027616677526195,-1.19581429251593
"Freq [GHz]","IWavePhi [deg]","IWaveTheta [deg]","Phi [deg]","Theta [deg]","re(rEPhi) [mV]","im(rEPhi) [mV]","re(rETheta) [mV]","im(rETheta) [mV]"
1.21,180,90,90,90,-0.014805163909065,-0.00276099462117456,-5.48422008844317,0.12707252317541
"Freq [GHz]","IWavePhi [deg]","IWaveTheta [deg]","Phi [deg]","Theta [deg]","re(rEPhi) [mV]","im(rEPhi) [mV]","re(rETheta) [mV]","im(rETheta) [mV]"
1.21,180,90,-90,90,0.0198196447008428,3.88335732970073e-05,12.6338391067279,-0.680357993159609
"Freq [GHz]","IWavePhi [deg]","IWaveTheta [deg]","Phi [deg]","Theta [deg]","re(rEPhi) [mV]","im(rEPhi) [mV]","re(rETheta) [mV]","im(rETheta) [mV]"
1.21,180,90,0,0,8.90028127806348,29.5338543445399,-0.00572807306768027,-0.00174494758573206
"Freq [GHz]","IWavePhi [deg]","IWaveTheta [deg]","Phi [deg]","Theta [deg]","re(rEPhi) [mV]","im(rEPhi) [mV]","re(rETheta) [mV]","im(rETheta) [mV]"
1.21,180,90,0,180,17.06696207978,35.0883574897348,-0.00867564082105697,-0.0106658670437969
"Freq [GHz]","IWavePhi [deg]","IWaveTheta [deg]","Phi [deg]","Theta [deg]","re(rEPhi) [mV]","im(rEPhi) [mV]","re(rETheta) [mV]","im(rETheta) [mV]"
1.21,180,90,45,54.736,16.1057445083046,21.1906595888001,4.81181953477884,11.7098361217564
"Freq [GHz]","IWavePhi [deg]","IWaveTheta [deg]","Phi [deg]","Theta [deg]","re(rEPhi) [mV]","im(rEPhi) [mV]","re(rETheta) [mV]","im(rETheta) [mV]"
1.21,180,90,135,54.736,-16.0702873660712,-21.177115715088,4.77809426272872,11.7261556518292
"Freq [GHz]","IWavePhi [deg]","IWaveTheta [deg]","Phi [deg]","Theta [deg]","re(rEPhi) [mV]","im(rEPhi) [mV]","re(rETheta) [mV]","im(rETheta) [mV]"
1.21,180,90,-45,54.736,-0.607701223769941,23.6379695756287,7.25861598019833,-14.5131561117876
"Freq [GHz]","IWavePhi [deg]","IWaveTheta [deg]","Phi [deg]","Theta [deg]","re(rEPhi) [mV]","im(rEPhi) [mV]","re(rETheta) [mV]","im(rETheta) [mV]"
1.21,180,90,45,125.264,18.3435505132659,23.130433990784,-15.0773719787897,-13.5621882511358
"Freq [GHz]","IWavePhi [deg]","IWaveTheta [deg]","Phi [deg]","Theta [deg]","re(rEPhi) [mV]","im(rEPhi) [mV]","re(rETheta) [mV]","im(rETheta) [mV]"
1.21,180,90,-135,54.736,0.587314660301396,-23.6319639448938,7.24395921236987,-14.5282178107739
"Freq [GHz]","IWavePhi [deg]","IWaveTheta [deg]","Phi [deg]","Theta [deg]","re(rEPhi) [mV]","im(rEPhi) [mV]","re(rETheta) [mV]","im(rETheta) [mV]"
1.21,180,90,-45,125.264,3.21564116807942,25.9128199102483,8.59146329176602,13.9629603613499
"Freq [GHz]","IWavePhi [deg]","IWaveTheta [deg]","Phi [deg]","Theta [deg]","re(rEPhi) [mV]","im(rEPhi) [mV]","re(rETheta) [mV]","im(rETheta) [mV]"
1.21,180,90,135,125.264,-18.3745332426847,-23.1062336439038,-15.092211067889,-13.5699646086689
"Freq [GHz]","IWavePhi [deg]","IWaveTheta [deg]","Phi [deg]","Theta [deg]","re(rEPhi) [mV]","im(rEPhi) [mV]","re(rETheta) [mV]","im(rETheta) [mV]"
1.21,180,90,-135,125.264,-3.17780754698057,-25.8834218609654,8.56147714468547,13.9758616671909
"Freq [GHz]","IWavePhi [deg]","IWaveTheta [deg]","Phi [deg]","Theta [deg]","re(rEPhi) [mV]","im(rEPhi) [mV]","re(rETheta) [mV]","im(rETheta) [mV]"
1.21,180,90,0,90,-16.7166268987965,-40.8512961538363,0.0268308803850406,-1.18968656936842
"Freq [GHz]","IWavePhi [deg]","IWaveTheta [deg]","Phi [deg]","Theta [deg]","re(rEPhi) [mV]","im(rEPhi) [mV]","re(rETheta) [mV]","im(rETheta) [mV]"
1.21,180,90,180,90,16.7043685389823,40.8622546502187,0.0406894435356814,-1.18355233573735
"Freq [GHz]","IWavePhi [deg]","IWaveTheta [deg]","Phi [deg]","Theta [deg]","re(rEPhi) [mV]","im(rEPhi) [mV]","re(rETheta) [mV]","im(rETheta) [mV]"
1.21,180,90,90,90,0.00382221554328723,0.00194562916498753,12.585569071626,-0.683357677787185
"Freq [GHz]","IWavePhi [deg]","IWaveTheta [deg]","Phi [deg]","Theta [deg]","re(rEPhi) [mV]","im(rEPhi) [mV]","re(rETheta) [mV]","im(rETheta) [mV]"
1.21,180,90,-90,90,-0.0240159053097471,-0.00957951462963903,-5.48588884249601,0.127932391776675
"Freq [GHz]","IWavePhi [deg]","IWaveTheta [deg]","Phi [deg]","Theta [deg]","re(rEPhi) [mV]","im(rEPhi) [mV]","re(rETheta) [mV]","im(rETheta) [mV]"
1.21,180,90,0,0,-8.88546434141271,-29.5341061551446,0.00611943114788986,-0.000730988298571419
"Freq [GHz]","IWavePhi [deg]","IWaveTheta [deg]","Phi [deg]","Theta [deg]","re(rEPhi) [mV]","im(rEPhi) [mV]","re(rETheta) [mV]","im(rETheta) [mV]"
1.21,180,90,0,180,-17.0833576673713,-35.0782808229589,0.00791190864754605,0.00904567230147444
"Freq [GHz]","IWavePhi [deg]","IWaveTheta [deg]","Phi [deg]","Theta [deg]","re(rEPhi) [mV]","im(rEPhi) [mV]","re(rETheta) [mV]","im(rETheta) [mV]"
1.21,180,90,45,54.736,0.603939066813588,-23.6087283808317,7.2304441077627,-14.5036065680543
"Freq [GHz]","IWavePhi [deg]","IWaveTheta [deg]","Phi [deg]","Theta [deg]","re(rEPhi) [mV]","im(rEPhi) [mV]","re(rETheta) [mV]","im(rETheta) [mV]"
1.21,180,90,135,54.736,-0.640495525756507,23.6135136132282,7.26864713914614,-14.5136441963922
"Freq [GHz]","IWavePhi [deg]","IWaveTheta [deg]","Phi [deg]","Theta [deg]","re(rEPhi) [mV]","im(rEPhi) [mV]","re(rETheta) [mV]","im(rETheta) [mV]"
1.21,180,90,-45,54.736,-16.0918969167895,-21.205009461331,4.80310570984074,11.7490416455698
"Freq [GHz]","IWavePhi [deg]","IWaveTheta [deg]","Phi [deg]","Theta [deg]","re(rEPhi) [mV]","im(rEPhi) [mV]","re(rETheta) [mV]","im(rETheta) [mV]"
1.21,180,90,45,125.264,-3.20100241320045,-25.9306567939386,8.56460365882299,13.9731482860306
"Freq [GHz]","IWavePhi [deg]","IWaveTheta [deg]","Phi [deg]","Theta [deg]","re(rEPhi) [mV]","im(rEPhi) [mV]","re(rETheta) [mV]","im(rETheta) [mV]"
1.21,180,90,-135,54.736,16.102612038782,21.2100491555919,4.81539698818064,11.7369233648238
"Freq [GHz]","IWavePhi [deg]","IWaveTheta [deg]","Phi [deg]","Theta [deg]","re(rEPhi) [mV]","im(rEPhi) [mV]","re(rETheta) [mV]","im(rETheta) [mV]"
1.21,180,90,-45,125.264,-18.3778961508385,-23.1365641451067,-15.0737378242055,-13.5661698796187
"Freq [GHz]","IWavePhi [deg]","IWaveTheta [deg]","Phi [deg]","Theta [deg]","re(rEPhi) [mV]","im(rEPhi) [mV]","re(rETheta) [mV]","im(rETheta) [mV]"
1.21,180,90,135,125.264,3.23400487043053,25.89064648912,8.58204322035605,13.9798139898905
"Freq [GHz]","IWavePhi [deg]","IWaveTheta [deg]","Phi [deg]","Theta [deg]","re(rEPhi) [mV]","im(rEPhi) [mV]","re(rETheta) [mV]","im(rETheta) [mV]"
1.21,180,90,-135,125.264,18.3586874385938,23.1112012869717,-15.0445984040338,-13.5802249751698
"Freq [GHz]","IWavePhi [deg]","IWaveTheta [deg]","Phi [deg]","Theta [deg]","re(rEPhi) [mV]","im(rEPhi) [mV]","re(rETheta) [mV]","im(rETheta) [mV]"
1.21,180,90,0,90,-16.7061449022425,-40.8384179748079,-0.0133436734882043,1.18218263380581
"Freq [GHz]","IWavePhi [deg]","IWaveTheta [deg]","Phi [deg]","Theta [deg]","re(rEPhi) [mV]","im(rEPhi) [mV]","re(rETheta) [mV]","im(rETheta) [mV]"
1.21,180,90,180,90,16.6918137624826,40.8564244106637,-0.0027616677526195,1.19581429251593
"Freq [GHz]","IWavePhi [deg]","IWaveTheta [deg]","Phi [deg]","Theta [deg]","re(rEPhi) [mV]","im(rEPhi) [mV]","re(rETheta) [mV]","im(rETheta) [mV]"
1.21,180,90,90,90,0.014805163909065,0.00276099462117456,5.48422008844317,-0.12707252317541
"Freq [GHz]","IWavePhi [deg]","IWaveTheta [deg]","Phi [deg]","Theta [deg]","re(rEPhi) [mV]","im(rEPhi) [mV]","re(rETheta) [mV]","im(rETheta) [mV]"
1.21,180,90,-90,90,-0.0198196447008426,-3.88335732970073e-05,-12.6338391067279,0.680357993159609
"Freq [GHz]","IWavePhi [deg]","IWaveTheta [deg]","Phi [deg]","Theta [deg]","re(rEPhi) [mV]","im(rEPhi) [mV]","re(rETheta) [mV]","im(rETheta) [mV]"
1.21,180,90,0,0,-8.90028127806348,-29.5338543445399,0.00572807306768049,0.00174494758573228
"Freq [GHz]","IWavePhi [deg]","IWaveTheta [deg]","Phi [deg]","Theta [deg]","re(rEPhi) [mV]","im(rEPhi) [mV]","re(rETheta) [mV]","im(rETheta) [mV]"
1.21,180,90,0,180,-17.06696207978,-35.0883574897348,0.00867564082105729,0.0106658670437967
"Freq [GHz]","IWavePhi [deg]","IWaveTheta [deg]","Phi [deg]","Theta [deg]","re(rEPhi) [mV]","im(rEPhi) [mV]","re(rETheta) [mV]","im(rETheta) [mV]"
1.21,180,90,45,54.736,-16.1057445083046,-21.1906595888001,-4.81181953477884,-11.7098361217564
"Freq [GHz]","IWavePhi [deg]","IWaveTheta [deg]","Phi [deg]","Theta [deg]","re(rEPhi) [mV]","im(rEPhi) [mV]","re(rETheta) [mV]","im(rETheta) [mV]"
1.21,180,90,135,54.736,16.0702873660712,21.177115715088,-4.77809426272872,-11.7261556518292
"Freq [GHz]","IWavePhi [deg]","IWaveTheta [deg]","Phi [deg]","Theta [deg]","re(rEPhi) [mV]","im(rEPhi) [mV]","re(rETheta) [mV]","im(rETheta) [mV]"
1.21,180,90,-45,54.736,0.607701223769941,-23.6379695756287,-7.25861598019833,14.5131561117876
"Freq [GHz]","IWavePhi [deg]","IWaveTheta [deg]","Phi [deg]","Theta [deg]","re(rEPhi) [mV]","im(rEPhi) [mV]","re(rETheta) [mV]","im(rETheta) [mV]"
1.21,180,90,45,125.264,-18.3435505132659,-23.130433990784,15.0773719787897,13.5621882511358
"Freq [GHz]","IWavePhi [deg]","IWaveTheta [deg]","Phi [deg]","Theta [deg]","re(rEPhi) [mV]","im(rEPhi) [mV]","re(rETheta) [mV]","im(rETheta) [mV]"
1.21,180,90,-135,54.736,-0.587314660301396,23.6319639448938,-7.24395921236987,14.5282178107739
"Freq [GHz]","IWavePhi [deg]","IWaveTheta [deg]","Phi [deg]","Theta [deg]","re(rEPhi) [mV]","im(rEPhi) [mV]","re(rETheta) [mV]","im(rETheta) [mV]"
1.21,180,90,-45,125.264,-3.21564116807942,-25.9128199102483,-8.59146329176602,-13.9629603613499
"Freq [GHz]","IWavePhi [deg]","IWaveTheta [deg]","Phi [deg]","Theta [deg]","re(rEPhi) [mV]","im(rEPhi) [mV]","re(rETheta) [mV]","im(rETheta) [mV]"
1.21,180,90,135,125.264,18.3745332426847,23.1062336439038,15.092211067889,13.5699646086689
"Freq [GHz]","IWavePhi [deg]","IWaveTheta [deg]","Phi [deg]","Theta [deg]","re(rEPhi) [mV]","im(rEPhi) [mV]","re(rETheta) [mV]","im(rETheta) [mV]"
1.21,180,90,-135,125.264,3.17780754698057,25.8834218609654,-8.56147714468547,-13.9758616671909
"Freq [GHz]","IWavePhi [deg]","IWaveTheta [deg]","Phi [deg]","Theta [deg]","re(rEPhi) [mV]","im(rEPhi) [mV]","re(rETheta) [mV]","im(rETheta) [mV]"
1.21,180,90,0,90,0.0117834643461487,0.00288101796865788,50.1446091666025,-33.0988891624111
"Freq [GHz]","IWavePhi [deg]","IWaveTheta [deg]","Phi [deg]","Theta [deg]","re(rEPhi) [mV]","im(rEPhi) [mV]","re(rETheta) [mV]","im(rETheta) [mV]"
1.21,180,90,180,90,-0.00934102807310237,-0.00869899023285447,50.1890952800306,-33.0774101690976
"Freq [GHz]","IWavePhi [deg]","IWaveTheta [deg]","Phi [deg]","Theta [deg]","re(rEPhi) [mV]","im(rEPhi) [mV]","re(rETheta) [mV]","im(rETheta) [mV]"
1.21,180,90,90,90,0.0122030083682032,0.014118604319217,20.3308385814024,-10.24711190638
"Freq [GHz]","IWavePhi [deg]","IWaveTheta [deg]","Phi [deg]","Theta [deg]","re(rEPhi) [mV]","im(rEPhi) [mV]","re(rETheta) [mV]","im(rETheta) [mV]"
1.21,180,90,-90,90,-0.0123580235324478,0.00945598761441633,20.2591891574767,-10.2790976344041
"Freq [GHz]","IWavePhi [deg]","IWaveTheta [deg]","Phi [deg]","Theta [deg]","re(rEPhi) [mV]","im(rEPhi) [mV]","re(rETheta) [mV]","im(rETheta) [mV]"
1.21,180,90,0,0,-0.00471356506594834,-0.0279004058499795,0.0285698846225853,0.0144757459350901
"Freq [GHz]","IWavePhi [deg]","IWaveTheta [deg]","Phi [deg]","Theta [deg]","re(rEPhi) [mV]","im(rEPhi) [mV]","re(rETheta) [mV]","im(rETheta) [mV]"
1.21,180,90,0,180,0.0330390828141626,0.024880571863939,0.0146631638530087,0.000182109752863788
"Freq [GHz]","IWavePhi [deg]","IWaveTheta [deg]","Phi [deg]","Theta [deg]","re(rEPhi) [mV]","im(rEPhi) [mV]","re(rETheta) [mV]","im(rETheta) [mV]"
1.21,180,90,45,54.736,-0.0229018110828143,1.1778133623178,30.5214418071088,-18.1940314538205
"Freq [GHz]","IWavePhi [deg]","IWaveTheta [deg]","Phi [deg]","Theta [deg]","re(rEPhi) [mV]","im(rEPhi) [mV]","re(rETheta) [mV]","im(rETheta) [mV]"
1.21,180,90,135,54.736,0.0219312995274976,-1.1821749107513,30.5113590111275,-18.1733451865131
"Freq [GHz]","IWavePhi [deg]","IWaveTheta [deg]","Phi [deg]","Theta [deg]","re(rEPhi) [mV]","im(rEPhi) [mV]","re(rETheta) [mV]","im(rETheta) [mV]"
1.21,180,90,-45,54.736,0.033131183954831,-1.18557874020705,30.4723978517902,-18.1763927998923
"Freq [GHz]","IWavePhi [deg]","IWaveTheta [deg]","Phi [deg]","Theta [deg]","re(rEPhi) [mV]","im(rEPhi) [mV]","re(rETheta) [mV]","im(rETheta) [mV]"
1.21,180,90,45,125.264,0.0169961720745144,-1.20355106911665,30.5078939425139,-18.1095699994822
"Freq [GHz]","IWavePhi [deg]","IWaveTheta [deg]","Phi [deg]","Theta [deg]","re(rEPhi) [mV]","im(rEPhi) [mV]","re(rETheta) [mV]","im(rETheta) [mV]"
1.21,180,90,-135,54.736,-0.0314173130609042,1.17146165822937,30.4645811141421,-18.2144175798102
"Freq [GHz]","IWavePhi [deg]","IWaveTheta [deg]","Phi [deg]","Theta [deg]","re(rEPhi) [mV]","im(rEPhi) [mV]","re(rETheta) [mV]","im(rETheta) [mV]"
1.21,180,90,-45,125.264,0.0107876039629456,1.2222338322876,30.5076143343566,-18.1910245407003
"Freq [GHz]","IWavePhi [deg]","IWaveTheta [deg]","Phi [deg]","Theta [deg]","re(rEPhi) [mV]","im(rEPhi) [mV]","re(rETheta) [mV]","im(rETheta) [mV]"
1.21,180,90,135,125.264,-0.0100266034334037,1.22814688151113,30.4973710761143,-18.1190188437104
"Freq [GHz]","IWavePhi [deg]","IWaveTheta [deg]","Phi [deg]","Theta [deg]","re(rEPhi) [mV]","im(rEPhi) [mV]","re(rETheta) [mV]","im(rETheta) [mV]"
1.21,180,90,-135,125.264,0.00886635043195402,-1.21656073721521,30.4681297146117,-18.1416081726537
"Freq [GHz]","IWavePhi [deg]","IWaveTheta [deg]","Phi [deg]","Theta [deg]","re(rEPhi) [mV]","im(rEPhi) [mV]","re(rETheta) [mV]","im(rETheta) [mV]"
1.21,180,90,0,90,0.0117834643461195,0.00288101796862506,50.1446091666025,-33.0988891624111
"Freq [GHz]","IWavePhi [deg]","IWaveTheta [deg]","Phi [deg]","Theta [deg]","re(rEPhi) [mV]","im(rEPhi) [mV]","re(rETheta) [mV]","im(rETheta) [mV]"
1.21,180,90,180,90,-0.00934102807307327,-0.00869899023288718,50.1890952800306,-33.0774101690976
"Freq [GHz]","IWavePhi [deg]","IWaveTheta [deg]","Phi [deg]","Theta [deg]","re(rEPhi) [mV]","im(rEPhi) [mV]","re(rETheta) [mV]","im(rETheta) [mV]"
1.21,180,90,90,90,0.0122030083682032,0.014118604319217,20.3308385814024,-10.24711190638
"Freq [GHz]","IWavePhi [deg]","IWaveTheta [deg]","Phi [deg]","Theta [deg]","re(rEPhi) [mV]","im(rEPhi) [mV]","re(rETheta) [mV]","im(rETheta) [mV]"
1.21,180,90,-90,90,-0.0123580235324478,0.00945598761441633,20.2591891574767,-10.2790976344041
"Freq [GHz]","IWavePhi [deg]","IWaveTheta [deg]","Phi [deg]","Theta [deg]","re(rEPhi) [mV]","im(rEPhi) [mV]","re(rETheta) [mV]","im(rETheta) [mV]"
1.21,180,90,0,0,-0.00471356506599199,-0.027900405849984,0.0285698846225853,0.0144757459350901
"Freq [GHz]","IWavePhi [deg]","IWaveTheta [deg]","Phi [deg]","Theta [deg]","re(rEPhi) [mV]","im(rEPhi) [mV]","re(rETheta) [mV]","im(rETheta) [mV]"
1.21,180,90,0,180,0.0330390828141191,0.0248805718639435,0.0146631638530087,0.000182109752863788
"Freq [GHz]","IWavePhi [deg]","IWaveTheta [deg]","Phi [deg]","Theta [deg]","re(rEPhi) [mV]","im(rEPhi) [mV]","re(rETheta) [mV]","im(rETheta) [mV]"
1.21,180,90,45,54.736,-0.0229018110828438,1.1778133623178,30.5214418071088,-18.1940314538205
"Freq [GHz]","IWavePhi [deg]","IWaveTheta [deg]","Phi [deg]","Theta [deg]","re(rEPhi) [mV]","im(rEPhi) [mV]","re(rETheta) [mV]","im(rETheta) [mV]"
1.21,180,90,135,54.736,0.0219312995274907,-1.18217491075133,30.5113590111275,-18.1733451865131
"Freq [GHz]","IWavePhi [deg]","IWaveTheta [deg]","Phi [deg]","Theta [deg]","re(rEPhi) [mV]","im(rEPhi) [mV]","re(rETheta) [mV]","im(rETheta) [mV]"
1.21,180,90,-45,54.736,0.0331311839548414,-1.18557874020708,30.4723978517902,-18.1763927998923
"Freq [GHz]","IWavePhi [deg]","IWaveTheta [deg]","Phi [deg]","Theta [deg]","re(rEPhi) [mV]","im(rEPhi) [mV]","re(rETheta) [mV]","im(rETheta) [mV]"
1.21,180,90,45,125.264,0.0169961720744866,-1.20355106911665,30.5078939425139,-18.1095699994822
"Freq [GHz]","IWavePhi [deg]","IWaveTheta [deg]","Phi [deg]","Theta [deg]","re(rEPhi) [mV]","im(rEPhi) [mV]","re(rETheta) [mV]","im(rETheta) [mV]"
1.21,180,90,-135,54.736,-0.0314173130608747,1.17146165822936,30.4645811141421,-18.2144175798102
"Freq [GHz]","IWavePhi [deg]","IWaveTheta [deg]","Phi [deg]","Theta [deg]","re(rEPhi) [mV]","im(rEPhi) [mV]","re(rETheta) [mV]","im(rETheta) [mV]"
1.21,180,90,-45,125.264,0.010787603962949,1.22223383228757,30.5076143343566,-18.1910245407003
"Freq [GHz]","IWavePhi [deg]","IWaveTheta [deg]","Phi [deg]","Theta [deg]","re(rEPhi) [mV]","im(rEPhi) [mV]","re(rETheta) [mV]","im(rETheta) [mV]"
1.21,180,90,135,125.264,-0.0100266034334124,1.2281468815111,30.4973710761143,-18.1190188437104
"Freq [GHz]","IWavePhi [deg]","IWaveTheta [deg]","Phi [deg]","Theta [deg]","re(rEPhi) [mV]","im(rEPhi) [mV]","re(rETheta) [mV]","im(rETheta) [mV]"
1.21,180,90,-135,125.264,0.00886635043198351,-1.21656073721522,30.4681297146116,-18.1416081726537
"Freq [GHz]","IWavePhi [deg]","IWaveTheta [deg]","Phi [deg]","Theta [deg]","re(rEPhi) [mV]","im(rEPhi) [mV]","re(rETheta) [mV]","im(rETheta) [mV]"
1.21,180,90,0,90,0.0314212256734227,-0.0160042008969599,20.3010296622617,-10.21667879483
"Freq [GHz]","IWavePhi [deg]","IWaveTheta [deg]","Phi [deg]","Theta [deg]","re(rEPhi) [mV]","im(rEPhi) [mV]","re(rETheta) [mV]","im(rETheta) [mV]"
1.21,180,90,180,90,-0.0423846754336494,0.00495186586926596,20.3109541481087,-10.1926831538391
"Freq [GHz]","IWavePhi [deg]","IWaveTheta [deg]","Phi [deg]","Theta [deg]","re(rEPhi) [mV]","im(rEPhi) [mV]","re(rETheta) [mV]","im(rETheta) [mV]"
1.21,180,90,90,90,0.0029687784723104,0.00929988137313048,17.1167666741309,-8.00688021421542
"Freq [GHz]","IWavePhi [deg]","IWaveTheta [deg]","Phi [deg]","Theta [deg]","re(rEPhi) [mV]","im(rEPhi) [mV]","re(rETheta) [mV]","im(rETheta) [mV]"
1.21,180,90,-90,90,-0.00408708400250132,0.00534879108065357,-14.5692864494433,1.01275802061955
"Freq [GHz]","IWavePhi [deg]","IWaveTheta [deg]","Phi [deg]","Theta [deg]","re(rEPhi) [mV]","im(rEPhi) [mV]","re(rETheta) [mV]","im(rETheta) [mV]"
1.21,180,90,0,0,-22.7098242098142,0.983213163060488,0.0129093892617362,0.0073299497452223
"Freq [GHz]","IWavePhi [deg]","IWaveTheta [deg]","Phi [deg]","Theta [deg]","re(rEPhi) [mV]","im(rEPhi) [mV]","re(rETheta) [mV]","im(rETheta) [mV]"
1.21,180,90,0,180,22.7819631413293,-1.01788504112928,0.00648939665955031,0.00166951108400772
"Freq [GHz]","IWavePhi [deg]","IWaveTheta [deg]","Phi [deg]","Theta [deg]","re(rEPhi) [mV]","im(rEPhi) [mV]","re(rETheta) [mV]","im(rETheta) [mV]"
1.21,180,90,45,54.736,-12.5696875460714,0.739155534811,13.0543906404992,-8.44388759556034
"Freq [GHz]","IWavePhi [deg]","IWaveTheta [deg]","Phi [deg]","Theta [deg]","re(rEPhi) [mV]","im(rEPhi) [mV]","re(rETheta) [mV]","im(rETheta) [mV]"
1.21,180,90,135,54.736,12.5812192418828,-0.762406578821956,13.0571773267298,-8.43775095447521
"Freq [GHz]","IWavePhi [deg]","IWaveTheta [deg]","Phi [deg]","Theta [deg]","re(rEPhi) [mV]","im(rEPhi) [mV]","re(rETheta) [mV]","im(rETheta) [mV]"
1.21,180,90,-45,54.736,-5.45044875972494,0.226516586014231,2.99393793421806,-3.10487940998931
"Freq [GHz]","IWavePhi [deg]","IWaveTheta [deg]","Phi [deg]","Theta [deg]","re(rEPhi) [mV]","im(rEPhi) [mV]","re(rETheta) [mV]","im(rETheta) [mV]"
1.21,180,90,45,125.264,12.5868704868494,-0.776154494384324,13.0203836646127,-8.40912335471197
"Freq [GHz]","IWavePhi [deg]","IWaveTheta [deg]","Phi [deg]","Theta [deg]","re(rEPhi) [mV]","im(rEPhi) [mV]","re(rETheta) [mV]","im(rETheta) [mV]"
1.21,180,90,-135,54.736,5.45382520287743,-0.236585967716644,3.00162239923781,-3.10468663984999
"Freq [GHz]","IWavePhi [deg]","IWaveTheta [deg]","Phi [deg]","Theta [deg]","re(rEPhi) [mV]","im(rEPhi) [mV]","re(rETheta) [mV]","im(rETheta) [mV]"
1.21,180,90,-45,125.264,5.52386270639883,-0.255864288995154,3.05865801916378,-3.11455741242196
"Freq [GHz]","IWavePhi [deg]","IWaveTheta [deg]","Phi [deg]","Theta [deg]","re(rEPhi) [mV]","im(rEPhi) [mV]","re(rETheta) [mV]","im(rETheta) [mV]"
1.21,180,90,135,125.264,-12.569916515589,0.780614710318526,13.0285401338863,-8.41924188368945
"Freq [GHz]","IWavePhi [deg]","IWaveTheta [deg]","Phi [deg]","Theta [deg]","re(rEPhi) [mV]","im(rEPhi) [mV]","re(rETheta) [mV]","im(rETheta) [mV]"
1.21,180,90,-135,125.264,-5.51719530448131,0.245933366420828,3.03994375690271,-3.11376095754972
"Freq [GHz]","IWavePhi [deg]","IWaveTheta [deg]","Phi [deg]","Theta [deg]","re(rEPhi) [mV]","im(rEPhi) [mV]","re(rETheta) [mV]","im(rETheta) [mV]"
1.21,180,90,0,90,-0.026242631333887,0.0126231324365998,20.3533549705367,-10.1417799031099
"Freq [GHz]","IWavePhi [deg]","IWaveTheta [deg]","Phi [deg]","Theta [deg]","re(rEPhi) [mV]","im(rEPhi) [mV]","re(rETheta) [mV]","im(rETheta) [mV]"
1.21,180,90,180,90,0.0298627294692861,-0.00311863079722823,20.3588389108919,-10.1506378314408
"Freq [GHz]","IWavePhi [deg]","IWaveTheta [deg]","Phi [deg]","Theta [deg]","re(rEPhi) [mV]","im(rEPhi) [mV]","re(rETheta) [mV]","im(rETheta) [mV]"
1.21,180,90,90,90,0.00438681577704721,-0.00228762895774692,-14.5194533807285,1.04987127161623
"Freq [GHz]","IWavePhi [deg]","IWaveTheta [deg]","Phi [deg]","Theta [deg]","re(rEPhi) [mV]","im(rEPhi) [mV]","re(rETheta) [mV]","im(rETheta) [mV]"
1.21,180,90,-90,90,-0.0042206964720927,0.000853011960906286,17.1208136421027,-8.00817200658781
"Freq [GHz]","IWavePhi [deg]","IWaveTheta [deg]","Phi [deg]","Theta [deg]","re(rEPhi) [mV]","im(rEPhi) [mV]","re(rETheta) [mV]","im(rETheta) [mV]"
1.21,180,90,0,0,22.6973014691331,-1.00300882335909,0.00557154181978532,0.0027943508425062
"Freq [GHz]","IWavePhi [deg]","IWaveTheta [deg]","Phi [deg]","Theta [deg]","re(rEPhi) [mV]","im(rEPhi) [mV]","re(rETheta) [mV]","im(rETheta) [mV]"
1.21,180,90,0,180,-22.7606740118146,1.02346564437408,0.00804062293386316,-0.00266081488250184
"Freq [GHz]","IWavePhi [deg]","IWaveTheta [deg]","Phi [deg]","Theta [deg]","re(rEPhi) [mV]","im(rEPhi) [mV]","re(rETheta) [mV]","im(rETheta) [mV]"
1.21,180,90,45,54.736,5.46455347144344,-0.225353565612977,3.05445413633983,-3.07656032522603
"Freq [GHz]","IWavePhi [deg]","IWaveTheta [deg]","Phi [deg]","Theta [deg]","re(rEPhi) [mV]","im(rEPhi) [mV]","re(rETheta) [mV]","im(rETheta) [mV]"
1.21,180,90,135,54.736,-5.47875053761347,0.241622494057329,3.05146786168117,-3.06872135883244
"Freq [GHz]","IWavePhi [deg]","IWaveTheta [deg]","Phi [deg]","Theta [deg]","re(rEPhi) [mV]","im(rEPhi) [mV]","re(rETheta) [mV]","im(rETheta) [mV]"
1.21,180,90,-45,54.736,12.5491966665175,-0.750460342040173,13.0862414712831,-8.41004958784026
"Freq [GHz]","IWavePhi [deg]","IWaveTheta [deg]","Phi [deg]","Theta [deg]","re(rEPhi) [mV]","im(rEPhi) [mV]","re(rETheta) [mV]","im(rETheta) [mV]"
1.21,180,90,45,125.264,-5.4974223014662,0.250402354555771,3.08318460674743,-3.05561962156884
"Freq [GHz]","IWavePhi [deg]","IWaveTheta [deg]","Phi [deg]","Theta [deg]","re(rEPhi) [mV]","im(rEPhi) [mV]","re(rETheta) [mV]","im(rETheta) [mV]"
1.21,180,90,-135,54.736,-12.5523334397964,0.751515538716612,13.0741530173748,-8.42965569632069
"Freq [GHz]","IWavePhi [deg]","IWaveTheta [deg]","Phi [deg]","Theta [deg]","re(rEPhi) [mV]","im(rEPhi) [mV]","re(rETheta) [mV]","im(rETheta) [mV]"
1.21,180,90,-45,125.264,-12.602899714887,0.785856233310621,13.0566847599573,-8.42029972786179
"Freq [GHz]","IWavePhi [deg]","IWaveTheta [deg]","Phi [deg]","Theta [deg]","re(rEPhi) [mV]","im(rEPhi) [mV]","re(rETheta) [mV]","im(rETheta) [mV]"
1.21,180,90,135,125.264,5.47883876493499,-0.232805050225804,3.05868105290149,-3.05991717868771
"Freq [GHz]","IWavePhi [deg]","IWaveTheta [deg]","Phi [deg]","Theta [deg]","re(rEPhi) [mV]","im(rEPhi) [mV]","re(rETheta) [mV]","im(rETheta) [mV]"
1.21,180,90,-135,125.264,12.6070441068881,-0.777889133673664,13.0334304923198,-8.38198496820607
"Freq [GHz]","IWavePhi [deg]","IWaveTheta [deg]","Phi [deg]","Theta [deg]","re(rEPhi) [mV]","im(rEPhi) [mV]","re(rETheta) [mV]","im(rETheta) [mV]"
1.21,180,90,0,90,1.32242078440029e-15,3.44445608074748e-15,-1.71914590800264e-15,1.13249677674796e-15
"Freq [GHz]","IWavePhi [deg]","IWaveTheta [deg]","Phi [deg]","Theta [deg]","re(rEPhi) [mV]","im(rEPhi) [mV]","re(rETheta) [mV]","im(rETheta) [mV]"
1.21,180,90,180,90,-1.32173371121288e-15,-3.44459436368854e-15,-1.72188421647209e-15,1.13320559829154e-15
"Freq [GHz]","IWavePhi [deg]","IWaveTheta [deg]","Phi [deg]","Theta [deg]","re(rEPhi) [mV]","im(rEPhi) [mV]","re(rETheta) [mV]","im(rETheta) [mV]"
1.21,180,90,90,90,-7.94341965011044e-19,-3.17847973542161e-19,7.0078572577404e-16,2.89889024312687e-16
"Freq [GHz]","IWavePhi [deg]","IWaveTheta [deg]","Phi [deg]","Theta [deg]","re(rEPhi) [mV]","im(rEPhi) [mV]","re(rETheta) [mV]","im(rETheta) [mV]"
1.21,180,90,-90,90,2.24136226739194e-18,2.16015366541978e-19,-2.08957067609843e-15,4.13351772720696e-16
"Freq [GHz]","IWavePhi [deg]","IWaveTheta [deg]","Phi [deg]","Theta [deg]","re(rEPhi) [mV]","im(rEPhi) [mV]","re(rETheta) [mV]","im(rETheta) [mV]"
1.21,180,90,0,0,1.83332232894344e-15,3.17113158702035e-15,-1.01615728458172e-18,-4.27877084416043e-19
"Freq [GHz]","IWavePhi [deg]","IWaveTheta [deg]","Phi [deg]","Theta [deg]","re(rEPhi) [mV]","im(rEPhi) [mV]","re(rETheta) [mV]","im(rETheta) [mV]"
1.21,180,90,0,180,4.60320356489566e-16,2.27741531795752e-15,-1.22245834134203e-18,-1.08617446798443e-18
"Freq [GHz]","IWavePhi [deg]","IWaveTheta [deg]","Phi [deg]","Theta [deg]","re(rEPhi) [mV]","im(rEPhi) [mV]","re(rETheta) [mV]","im(rETheta) [mV]"
1.21,180,90,45,54.736,1.01823544326275e-15,2.11528873341096e-15,4.12319235300534e-16,1.81701423372586e-15
"Freq [GHz]","IWavePhi [deg]","IWaveTheta [deg]","Phi [deg]","Theta [deg]","re(rEPhi) [mV]","im(rEPhi) [mV]","re(rETheta) [mV]","im(rETheta) [mV]"
1.21,180,90,135,54.736,-1.01565107709149e-15,-2.11478819870647e-15,4.11516043611479e-16,1.81733054166501e-15
"Freq [GHz]","IWavePhi [deg]","IWaveTheta [deg]","Phi [deg]","Theta [deg]","re(rEPhi) [mV]","im(rEPhi) [mV]","re(rETheta) [mV]","im(rETheta) [mV]"
1.21,180,90,-45,54.736,1.04654387549575e-15,2.18482635952574e-15,-2.64310476360767e-15,-5.64589124871019e-16
"Freq [GHz]","IWavePhi [deg]","IWaveTheta [deg]","Phi [deg]","Theta [deg]","re(rEPhi) [mV]","im(rEPhi) [mV]","re(rETheta) [mV]","im(rETheta) [mV]"
1.21,180,90,45,125.264,5.13746509577688e-16,1.85641660342546e-15,-4.15664339956975e-16,-4.62771784656946e-16
"Freq [GHz]","IWavePhi [deg]","IWaveTheta [deg]","Phi [deg]","Theta [deg]","re(rEPhi) [mV]","im(rEPhi) [mV]","re(rETheta) [mV]","im(rETheta) [mV]"
1.21,180,90,-135,54.736,-1.04818923429226e-15,-2.1839347901381e-15,-2.64314486638296e-15,-5.61984811583945e-16
"Freq [GHz]","IWavePhi [deg]","IWaveTheta [deg]","Phi [deg]","Theta [deg]","re(rEPhi) [mV]","im(rEPhi) [mV]","re(rETheta) [mV]","im(rETheta) [mV]"
1.21,180,90,-45,125.264,5.47002288657364e-16,1.75782686878193e-15,-1.53914378119907e-15,1.69625014954943e-15
"Freq [GHz]","IWavePhi [deg]","IWaveTheta [deg]","Phi [deg]","Theta [deg]","re(rEPhi) [mV]","im(rEPhi) [mV]","re(rETheta) [mV]","im(rETheta) [mV]"
1.21,180,90,135,125.264,-5.16938590958139e-16,-1.85506202145736e-15,-4.1745511332767e-16,-4.61997402849928e-16
"Freq [GHz]","IWavePhi [deg]","IWaveTheta [deg]","Phi [deg]","Theta [deg]","re(rEPhi) [mV]","im(rEPhi) [mV]","re(rETheta) [mV]","im(rETheta) [mV]"
1.21,180,90,-135,125.264,-5.44061125383456e-16,-1.75619848933323e-15,-1.53944486967307e-15,1.6925822559762e-15
"Freq [GHz]","IWavePhi [deg]","IWaveTheta [deg]","Phi [deg]","Theta [deg]","re(rEPhi) [mV]","im(rEPhi) [mV]","re(rETheta) [mV]","im(rETheta) [mV]"
1.21,180,90,0,90,-1.31941380260334e-15,-3.44440934100372e-15,7.20485904900478e-15,-4.75751875501702e-15
"Freq [GHz]","IWavePhi [deg]","IWaveTheta [deg]","Phi [deg]","Theta [deg]","re(rEPhi) [mV]","im(rEPhi) [mV]","re(rETheta) [mV]","im(rETheta) [mV]"
1.21,180,90,180,90,1.31864314925223e-15,3.44510026815418e-15,7.21215582223285e-15,-4.7529356001225e-15
"Freq [GHz]","IWavePhi [deg]","IWaveTheta [deg]","Phi [deg]","Theta [deg]","re(rEPhi) [mV]","im(rEPhi) [mV]","re(rETheta) [mV]","im(rETheta) [mV]"
1.21,180,90,90,90,2.73258769004736e-18,2.39382136771859e-18,4.30685655438275e-15,-1.53306626993652e-15
"Freq [GHz]","IWavePhi [deg]","IWaveTheta [deg]","Phi [deg]","Theta [deg]","re(rEPhi) [mV]","im(rEPhi) [mV]","re(rETheta) [mV]","im(rETheta) [mV]"
1.21,180,90,-90,90,-3.88044855358146e-18,9.16783071068255e-19,1.51094017165736e-15,-1.41805401167741e-15
"Freq [GHz]","IWavePhi [deg]","IWaveTheta [deg]","Phi [deg]","Theta [deg]","re(rEPhi) [mV]","im(rEPhi) [mV]","re(rETheta) [mV]","im(rETheta) [mV]"
1.21,180,90,0,0,-4.61945617848851e-16,-2.28696455221626e-15,4.75419537539001e-18,2.22760821772623e-18
"Freq [GHz]","IWavePhi [deg]","IWaveTheta [deg]","Phi [deg]","Theta [deg]","re(rEPhi) [mV]","im(rEPhi) [mV]","re(rETheta) [mV]","im(rETheta) [mV]"
1.21,180,90,0,180,-1.82860519231073e-15,-3.16459264894142e-15,2.97977606919835e-18,6.17776909373299e-19
"Freq [GHz]","IWavePhi [deg]","IWaveTheta [deg]","Phi [deg]","Theta [deg]","re(rEPhi) [mV]","im(rEPhi) [mV]","re(rETheta) [mV]","im(rETheta) [mV]"
1.21,180,90,45,54.736,-5.94123328661212e-16,-1.61387535478058e-15,4.6599900903855e-15,-3.67371037002623e-15
"Freq [GHz]","IWavePhi [deg]","IWaveTheta [deg]","Phi [deg]","Theta [deg]","re(rEPhi) [mV]","im(rEPhi) [mV]","re(rETheta) [mV]","im(rETheta) [mV]"
1.21,180,90,135,54.736,5.90931517896014e-16,1.61285806967397e-15,4.66190920362295e-15,-3.6716503828065e-15
"Freq [GHz]","IWavePhi [deg]","IWaveTheta [deg]","Phi [deg]","Theta [deg]","re(rEPhi) [mV]","im(rEPhi) [mV]","re(rETheta) [mV]","im(rETheta) [mV]"
1.21,180,90,-45,54.736,-4.66439742055633e-16,-2.00808914511913e-15,3.53305919855128e-15,-1.51448269551794e-15
"Freq [GHz]","IWavePhi [deg]","IWaveTheta [deg]","Phi [deg]","Theta [deg]","re(rEPhi) [mV]","im(rEPhi) [mV]","re(rETheta) [mV]","im(rETheta) [mV]"
1.21,180,90,45,125.264,-1.08934022885791e-15,-2.29504162927242e-15,6.1983086866807e-15,-1.43244001752357e-15
"Freq [GHz]","IWavePhi [deg]","IWaveTheta [deg]","Phi [deg]","Theta [deg]","re(rEPhi) [mV]","im(rEPhi) [mV]","re(rETheta) [mV]","im(rETheta) [mV]"
1.21,180,90,-135,54.736,4.67911614490053e-16,2.00614311181595e-15,3.53330874475428e-15,-1.51923593144574e-15
"Freq [GHz]","IWavePhi [deg]","IWaveTheta [deg]","Phi [deg]","Theta [deg]","re(rEPhi) [mV]","im(rEPhi) [mV]","re(rETheta) [mV]","im(rETheta) [mV]"
1.21,180,90,-45,125.264,-9.68340407467769e-16,-1.9990353236857e-15,3.15100255604189e-15,-3.8219446957828e-15
"Freq [GHz]","IWavePhi [deg]","IWaveTheta [deg]","Phi [deg]","Theta [deg]","re(rEPhi) [mV]","im(rEPhi) [mV]","re(rETheta) [mV]","im(rETheta) [mV]"
1.21,180,90,135,125.264,1.09277928488372e-15,2.29584924186514e-15,6.19794166711255e-15,-1.43267723246762e-15
"Freq [GHz]","IWavePhi [deg]","IWaveTheta [deg]","Phi [deg]","Theta [deg]","re(rEPhi) [mV]","im(rEPhi) [mV]","re(rETheta) [mV]","im(rETheta) [mV]"
1.21,180,90,-135,125.264,9.69167773293345e-16,1.99735530741565e-15,3.14818669283635e-15,-3.816854061102e-15
"Freq [GHz]","IWavePhi [deg]","IWaveTheta [deg]","Phi [deg]","Theta [deg]","re(rEPhi) [mV]","im(rEPhi) [mV]","re(rETheta) [mV]","im(rETheta) [mV]"
1.21,180,90,0,90,-9.28796807314349,-23.4188693087225,30.4378691208417,-18.3481648479777
"Freq [GHz]","IWavePhi [deg]","IWaveTheta [deg]","Phi [deg]","Theta [deg]","re(rEPhi) [mV]","im(rEPhi) [mV]","re(rETheta) [mV]","im(rETheta) [mV]"
1.21,180,90,180,90,9.27743314490467,23.4109066555562,30.4677063334673,-18.3336811383975
"Freq [GHz]","IWavePhi [deg]","IWaveTheta [deg]","Phi [deg]","Theta [deg]","re(rEPhi) [mV]","im(rEPhi) [mV]","re(rETheta) [mV]","im(rETheta) [mV]"
1.21,180,90,90,90,0.00585335716354355,0.0101298307204227,13.0229401474599,-8.46500455164088
"Freq [GHz]","IWavePhi [deg]","IWaveTheta [deg]","Phi [deg]","Theta [deg]","re(rEPhi) [mV]","im(rEPhi) [mV]","re(rETheta) [mV]","im(rETheta) [mV]"
1.21,180,90,-90,90,-0.0200944486290123,0.000282228235468018,2.97322965156802,-3.23333621083517
"Freq [GHz]","IWavePhi [deg]","IWaveTheta [deg]","Phi [deg]","Theta [deg]","re(rEPhi) [mV]","im(rEPhi) [mV]","re(rETheta) [mV]","im(rETheta) [mV]"
1.21,180,90,0,0,-25.0638144253696,-19.582874893129,0.0193032995164841,0.00862068049096197
"Freq [GHz]","IWavePhi [deg]","IWaveTheta [deg]","Phi [deg]","Theta [deg]","re(rEPhi) [mV]","im(rEPhi) [mV]","re(rETheta) [mV]","im(rETheta) [mV]"
1.21,180,90,0,180,9.10513117543976,-17.4581957834243,0.0132418373425483,0.00801097306609467
"Freq [GHz]","IWavePhi [deg]","IWaveTheta [deg]","Phi [deg]","Theta [deg]","re(rEPhi) [mV]","im(rEPhi) [mV]","re(rETheta) [mV]","im(rETheta) [mV]"
1.21,180,90,45,54.736,-8.58403180373995,-13.9852115138922,15.8419940383752,-20.2676442572011
"Freq [GHz]","IWavePhi [deg]","IWaveTheta [deg]","Phi [deg]","Theta [deg]","re(rEPhi) [mV]","im(rEPhi) [mV]","re(rETheta) [mV]","im(rETheta) [mV]"
1.21,180,90,135,54.736,8.57331701918462,13.9721351741174,15.8545872500374,-20.2632538476024
"Freq [GHz]","IWavePhi [deg]","IWaveTheta [deg]","Phi [deg]","Theta [deg]","re(rEPhi) [mV]","im(rEPhi) [mV]","re(rETheta) [mV]","im(rETheta) [mV]"
1.21,180,90,-45,54.736,-15.0838203288787,-13.5912429491568,23.3040310552661,-1.03042474499391
"Freq [GHz]","IWavePhi [deg]","IWaveTheta [deg]","Phi [deg]","Theta [deg]","re(rEPhi) [mV]","im(rEPhi) [mV]","re(rETheta) [mV]","im(rETheta) [mV]"
1.21,180,90,45,125.264,7.2721315645349,-14.5467183469985,15.083201649739,-3.81207018053929
"Freq [GHz]","IWavePhi [deg]","IWaveTheta [deg]","Phi [deg]","Theta [deg]","re(rEPhi) [mV]","im(rEPhi) [mV]","re(rETheta) [mV]","im(rETheta) [mV]"
1.21,180,90,-135,54.736,15.0946037624033,13.5812647421062,23.3093415231036,-1.05680283906085
"Freq [GHz]","IWavePhi [deg]","IWaveTheta [deg]","Phi [deg]","Theta [deg]","re(rEPhi) [mV]","im(rEPhi) [mV]","re(rETheta) [mV]","im(rETheta) [mV]"
1.21,180,90,-45,125.264,-4.75729419525788,-11.7068911885009,11.013139450388,-15.4813431957833
"Freq [GHz]","IWavePhi [deg]","IWaveTheta [deg]","Phi [deg]","Theta [deg]","re(rEPhi) [mV]","im(rEPhi) [mV]","re(rETheta) [mV]","im(rETheta) [mV]"
1.21,180,90,135,125.264,-7.23875493520253,14.5370414293667,15.0977953975323,-3.82318519010925
"Freq [GHz]","IWavePhi [deg]","IWaveTheta [deg]","Phi [deg]","Theta [deg]","re(rEPhi) [mV]","im(rEPhi) [mV]","re(rETheta) [mV]","im(rETheta) [mV]"
1.21,180,90,-135,125.264,4.75111614866639,11.6902782121761,10.9998926757502,-15.4569284859679
"Freq [GHz]","IWavePhi [deg]","IWaveTheta [deg]","Phi [deg]","Theta [deg]","re(rEPhi) [mV]","im(rEPhi) [mV]","re(rETheta) [mV]","im(rETheta) [mV]"
1.21,180,90,0,90,-9.28796807314349,-23.4188693087225,30.4378691208417,-18.3481648479777
"Freq [GHz]","IWavePhi [deg]","IWaveTheta [deg]","Phi [deg]","Theta [deg]","re(rEPhi) [mV]","im(rEPhi) [mV]","re(rETheta) [mV]","im(rETheta) [mV]"
1.21,180,90,180,90,9.27743314490467,23.4109066555562,30.4677063334673,-18.3336811383975
"Freq [GHz]","IWavePhi [deg]","IWaveTheta [deg]","Phi [deg]","Theta [deg]","re(rEPhi) [mV]","im(rEPhi) [mV]","re(rETheta) [mV]","im(rETheta) [mV]"
1.21,180,90,90,90,0.00585335716354355,0.0101298307204227,13.0229401474599,-8.46500455164088
"Freq [GHz]","IWavePhi [deg]","IWaveTheta [deg]","Phi [deg]","Theta [deg]","re(rEPhi) [mV]","im(rEPhi) [mV]","re(rETheta) [mV]","im(rETheta) [mV]"
1.21,180,90,-90,90,-0.0200944486290123,0.000282228235468018,2.97322965156802,-3.23333621083517
"Freq [GHz]","IWavePhi [deg]","IWaveTheta [deg]","Phi [deg]","Theta [deg]","re(rEPhi) [mV]","im(rEPhi) [mV]","re(rETheta) [mV]","im(rETheta) [mV]"
1.21,180,90,0,0,-25.0638144253696,-19.582874893129,0.0193032995164841,0.00862068049096197
"Freq [GHz]","IWavePhi [deg]","IWaveTheta [deg]","Phi [deg]","Theta [deg]","re(rEPhi) [mV]","im(rEPhi) [mV]","re(rETheta) [mV]","im(rETheta) [mV]"
1.21,180,90,0,180,9.10513117543976,-17.4581957834243,0.0132418373425483,0.00801097306609467
"Freq [GHz]","IWavePhi [deg]","IWaveTheta [deg]","Phi [deg]","Theta [deg]","re(rEPhi) [mV]","im(rEPhi) [mV]","re(rETheta) [mV]","im(rETheta) [mV]"
1.21,180,90,45,54.736,-8.58403180373995,-13.9852115138922,15.8419940383752,-20.2676442572011
"Freq [GHz]","IWavePhi [deg]","IWaveTheta [deg]","Phi [deg]","Theta [deg]","re(rEPhi) [mV]","im(rEPhi) [mV]","re(rETheta) [mV]","im(rETheta) [mV]"
1.21,180,90,135,54.736,8.57331701918462,13.9721351741174,15.8545872500374,-20.2632538476024
"Freq [GHz]","IWavePhi [deg]","IWaveTheta [deg]","Phi [deg]","Theta [deg]","re(rEPhi) [mV]","im(rEPhi) [mV]","re(rETheta) [mV]","im(rETheta) [mV]"
1.21,180,90,-45,54.736,-15.0838203288787,-13.5912429491568,23.3040310552661,-1.03042474499391
"Freq [GHz]","IWavePhi [deg]","IWaveTheta [deg]","Phi [deg]","Theta [deg]","re(rEPhi) [mV]","im(rEPhi) [mV]","re(rETheta) [mV]","im(rETheta) [mV]"
1.21,180,90,45,125.264,7.2721315645349,-14.5467183469985,15.083201649739,-3.81207018053929
"Freq [GHz]","IWavePhi [deg]","IWaveTheta [deg]","Phi [deg]","Theta [deg]","re(rEPhi) [mV]","im(rEPhi) [mV]","re(rETheta) [mV]","im(rETheta) [mV]"
1.21,180,90,-135,54.736,15.0946037624033,13.5812647421062,23.3093415231036,-1.05680283906085
"Freq [GHz]","IWavePhi [deg]","IWaveTheta [deg]","Phi [deg]","Theta [deg]","re(rEPhi) [mV]","im(rEPhi) [mV]","re(rETheta) [mV]","im(rETheta) [mV]"
1.21,180,90,-45,125.264,-4.75729419525788,-11.7068911885009,11.013139450388,-15.4813431957833
"Freq [GHz]","IWavePhi [deg]","IWaveTheta [deg]","Phi [deg]","Theta [deg]","re(rEPhi) [mV]","im(rEPhi) [mV]","re(rETheta) [mV]","im(rETheta) [mV]"
1.21,180,90,135,125.264,-7.23875493520253,14.5370414293667,15.0977953975323,-3.82318519010925
"Freq [GHz]","IWavePhi [deg]","IWaveTheta [deg]","Phi [deg]","Theta [deg]","re(rEPhi) [mV]","im(rEPhi) [mV]","re(rETheta) [mV]","im(rETheta) [mV]"
1.21,180,90,-135,125.264,4.75111614866639,11.6902782121761,10.9998926757502,-15.4569284859679
"Freq [GHz]","IWavePhi [deg]","IWaveTheta [deg]","Phi [deg]","Theta [deg]","re(rEPhi) [mV]","im(rEPhi) [mV]","re(rETheta) [mV]","im(rETheta) [mV]"
1.21,180,90,0,90,9.30218552267665,23.4162746504084,30.4542995331732,-18.3243766629194
"Freq [GHz]","IWavePhi [deg]","IWaveTheta [deg]","Phi [deg]","Theta [deg]","re(rEPhi) [mV]","im(rEPhi) [mV]","re(rETheta) [mV]","im(rETheta) [mV]"
1.21,180,90,180,90,-9.29228572748409,-23.4191357538723,30.4657163732451,-18.3205811831691
"Freq [GHz]","IWavePhi [deg]","IWaveTheta [deg]","Phi [deg]","Theta [deg]","re(rEPhi) [mV]","im(rEPhi) [mV]","re(rETheta) [mV]","im(rETheta) [mV]"
1.21,180,90,90,90,9.45304583786383e-05,0.00376633790826607,3.01716318878489,-3.19300550209743
"Freq [GHz]","IWavePhi [deg]","IWaveTheta [deg]","Phi [deg]","Theta [deg]","re(rEPhi) [mV]","im(rEPhi) [mV]","re(rETheta) [mV]","im(rETheta) [mV]"
1.21,180,90,-90,90,0.00500329664803158,0.0046912282915169,13.0098640645715,-8.48617630598764
"Freq [GHz]","IWavePhi [deg]","IWaveTheta [deg]","Phi [deg]","Theta [deg]","re(rEPhi) [mV]","im(rEPhi) [mV]","re(rETheta) [mV]","im(rETheta) [mV]"
1.21,180,90,0,0,25.0673161533309,19.5487695021392,0.0123161506027816,0.00596671571744884
"Freq [GHz]","IWavePhi [deg]","IWaveTheta [deg]","Phi [deg]","Theta [deg]","re(rEPhi) [mV]","im(rEPhi) [mV]","re(rETheta) [mV]","im(rETheta) [mV]"
1.21,180,90,0,180,-9.07125274442397,17.4971821127612,0.00441322735401723,-0.00832865293401637
"Freq [GHz]","IWavePhi [deg]","IWaveTheta [deg]","Phi [deg]","Theta [deg]","re(rEPhi) [mV]","im(rEPhi) [mV]","re(rETheta) [mV]","im(rETheta) [mV]"
1.21,180,90,45,54.736,15.1028040957165,13.5827945146447,23.3512382252587,-1.04300659206132
"Freq [GHz]","IWavePhi [deg]","IWaveTheta [deg]","Phi [deg]","Theta [deg]","re(rEPhi) [mV]","im(rEPhi) [mV]","re(rETheta) [mV]","im(rETheta) [mV]"
1.21,180,90,135,54.736,-15.094154426854,-13.5664081802628,23.3374975754777,-1.0235966218215
"Freq [GHz]","IWavePhi [deg]","IWaveTheta [deg]","Phi [deg]","Theta [deg]","re(rEPhi) [mV]","im(rEPhi) [mV]","re(rETheta) [mV]","im(rETheta) [mV]"
1.21,180,90,-45,54.736,8.58709798987637,13.9923282316636,15.837724863835,-20.2613184784746
"Freq [GHz]","IWavePhi [deg]","IWaveTheta [deg]","Phi [deg]","Theta [deg]","re(rEPhi) [mV]","im(rEPhi) [mV]","re(rETheta) [mV]","im(rETheta) [mV]"
1.21,180,90,45,125.264,4.75712263069102,11.7215298190015,11.0210604249114,-15.4211750377147
"Freq [GHz]","IWavePhi [deg]","IWaveTheta [deg]","Phi [deg]","Theta [deg]","re(rEPhi) [mV]","im(rEPhi) [mV]","re(rETheta) [mV]","im(rETheta) [mV]"
1.21,180,90,-135,54.736,-8.60165644143036,-13.9913659429785,15.8230264569224,-20.2881600198345
"Freq [GHz]","IWavePhi [deg]","IWaveTheta [deg]","Phi [deg]","Theta [deg]","re(rEPhi) [mV]","im(rEPhi) [mV]","re(rETheta) [mV]","im(rETheta) [mV]"
1.21,180,90,-45,125.264,-7.24431856776309,14.5447720376909,15.1178732246356,-3.86454974452379
"Freq [GHz]","IWavePhi [deg]","IWaveTheta [deg]","Phi [deg]","Theta [deg]","re(rEPhi) [mV]","im(rEPhi) [mV]","re(rETheta) [mV]","im(rETheta) [mV]"
1.21,180,90,135,125.264,-4.78436577683753,-11.6905119720213,10.9892071563274,-15.4282873441123
"Freq [GHz]","IWavePhi [deg]","IWaveTheta [deg]","Phi [deg]","Theta [deg]","re(rEPhi) [mV]","im(rEPhi) [mV]","re(rETheta) [mV]","im(rETheta) [mV]"
1.21,180,90,-135,125.264,7.28105527457878,-14.523694914134,15.0749957278779,-3.83071041813739
"Freq [GHz]","IWavePhi [deg]","IWaveTheta [deg]","Phi [deg]","Theta [deg]","re(rEPhi) [mV]","im(rEPhi) [mV]","re(rETheta) [mV]","im(rETheta) [mV]"
1.21,180,90,0,90,9.32706129385249,23.4105050464423,30.4142637062335,-18.3749555083022
"Freq [GHz]","IWavePhi [deg]","IWaveTheta [deg]","Phi [deg]","Theta [deg]","re(rEPhi) [mV]","im(rEPhi) [mV]","re(rETheta) [mV]","im(rETheta) [mV]"
1.21,180,90,180,90,-9.32477201629053,-23.4259055805412,30.431345724338,-18.3554502566994
"Freq [GHz]","IWavePhi [deg]","IWaveTheta [deg]","Phi [deg]","Theta [deg]","re(rEPhi) [mV]","im(rEPhi) [mV]","re(rETheta) [mV]","im(rETheta) [mV]"
1.21,180,90,90,90,0.00450363161168839,0.0105060817365101,13.0620589918425,-8.48506528643433
"Freq [GHz]","IWavePhi [deg]","IWaveTheta [deg]","Phi [deg]","Theta [deg]","re(rEPhi) [mV]","im(rEPhi) [mV]","re(rETheta) [mV]","im(rETheta) [mV]"
1.21,180,90,-90,90,0.0059600610692279,0.0123299847918732,2.94267157787682,-3.23074435702023
"Freq [GHz]","IWavePhi [deg]","IWaveTheta [deg]","Phi [deg]","Theta [deg]","re(rEPhi) [mV]","im(rEPhi) [mV]","re(rETheta) [mV]","im(rETheta) [mV]"
1.21,180,90,0,0,-9.06066144058684,17.4739709138238,0.0153575045012567,0.0105738498035651
"Freq [GHz]","IWavePhi [deg]","IWaveTheta [deg]","Phi [deg]","Theta [deg]","re(rEPhi) [mV]","im(rEPhi) [mV]","re(rETheta) [mV]","im(rETheta) [mV]"
1.21,180,90,0,180,25.1273370234419,19.5423273399269,0.00469564621581883,-0.00419329355790129
"Freq [GHz]","IWavePhi [deg]","IWaveTheta [deg]","Phi [deg]","Theta [deg]","re(rEPhi) [mV]","im(rEPhi) [mV]","re(rETheta) [mV]","im(rETheta) [mV]"
1.21,180,90,45,54.736,-7.25131944929542,14.5067739360357,15.1291675962967,-3.88637529279289
"Freq [GHz]","IWavePhi [deg]","IWaveTheta [deg]","Phi [deg]","Theta [deg]","re(rEPhi) [mV]","im(rEPhi) [mV]","re(rETheta) [mV]","im(rETheta) [mV]"
1.21,180,90,135,54.736,7.28000227530612,-14.525651175468,15.1034187888259,-3.86850243631599
"Freq [GHz]","IWavePhi [deg]","IWaveTheta [deg]","Phi [deg]","Theta [deg]","re(rEPhi) [mV]","im(rEPhi) [mV]","re(rETheta) [mV]","im(rETheta) [mV]"
1.21,180,90,-45,54.736,4.80509640029125,11.7433574204667,10.9377409665543,-15.505223126554
"Freq [GHz]","IWavePhi [deg]","IWaveTheta [deg]","Phi [deg]","Theta [deg]","re(rEPhi) [mV]","im(rEPhi) [mV]","re(rETheta) [mV]","im(rETheta) [mV]"
1.21,180,90,45,125.264,8.58438679238513,13.9563563782227,15.8422448518027,-20.232054041737
"Freq [GHz]","IWavePhi [deg]","IWaveTheta [deg]","Phi [deg]","Theta [deg]","re(rEPhi) [mV]","im(rEPhi) [mV]","re(rETheta) [mV]","im(rETheta) [mV]"
1.21,180,90,-135,54.736,-4.8083177955169,-11.7579775502198,10.9325777145579,-15.5129686779843
"Freq [GHz]","IWavePhi [deg]","IWaveTheta [deg]","Phi [deg]","Theta [deg]","re(rEPhi) [mV]","im(rEPhi) [mV]","re(rETheta) [mV]","im(rETheta) [mV]"
1.21,180,90,-45,125.264,15.1432398157764,13.5765434031374,23.3140630337908,-1.07357437807696
"Freq [GHz]","IWavePhi [deg]","IWaveTheta [deg]","Phi [deg]","Theta [deg]","re(rEPhi) [mV]","im(rEPhi) [mV]","re(rETheta) [mV]","im(rETheta) [mV]"
1.21,180,90,135,125.264,-8.58906487715772,-13.9220760177386,15.8351753370469,-20.2435745830295
"Freq [GHz]","IWavePhi [deg]","IWaveTheta [deg]","Phi [deg]","Theta [deg]","re(rEPhi) [mV]","im(rEPhi) [mV]","re(rETheta) [mV]","im(rETheta) [mV]"
1.21,180,90,-135,125.264,-15.1205093463371,-13.5651193740759,23.273714136724,-1.04742686649853
"Freq [GHz]","IWavePhi [deg]","IWaveTheta [deg]","Phi [deg]","Theta [deg]","re(rEPhi) [mV]","im(rEPhi) [mV]","re(rETheta) [mV]","im(rETheta) [mV]"
1.21,180,90,0,90,9.30218552267666,23.4162746504074,30.4542995331732,-18.3243766629194
"Freq [GHz]","IWavePhi [deg]","IWaveTheta [deg]","Phi [deg]","Theta [deg]","re(rEPhi) [mV]","im(rEPhi) [mV]","re(rETheta) [mV]","im(rETheta) [mV]"
1.21,180,90,180,90,-9.29228572748409,-23.4191357538733,30.4657163732451,-18.3205811831691
"Freq [GHz]","IWavePhi [deg]","IWaveTheta [deg]","Phi [deg]","Theta [deg]","re(rEPhi) [mV]","im(rEPhi) [mV]","re(rETheta) [mV]","im(rETheta) [mV]"
1.21,180,90,90,90,9.45304604027461e-05,0.0037663379107094,3.01716318878489,-3.19300550209743
"Freq [GHz]","IWavePhi [deg]","IWaveTheta [deg]","Phi [deg]","Theta [deg]","re(rEPhi) [mV]","im(rEPhi) [mV]","re(rETheta) [mV]","im(rETheta) [mV]"
1.21,180,90,-90,90,0.00500329664600747,0.00469122829396044,13.0098640645715,-8.48617630598764
"Freq [GHz]","IWavePhi [deg]","IWaveTheta [deg]","Phi [deg]","Theta [deg]","re(rEPhi) [mV]","im(rEPhi) [mV]","re(rETheta) [mV]","im(rETheta) [mV]"
1.21,180,90,0,0,25.0673161533309,19.5487695021392,0.0123161506069143,0.00596671571793151
"Freq [GHz]","IWavePhi [deg]","IWaveTheta [deg]","Phi [deg]","Theta [deg]","re(rEPhi) [mV]","im(rEPhi) [mV]","re(rETheta) [mV]","im(rETheta) [mV]"
1.21,180,90,0,180,-9.07125274442397,17.4971821127612,0.00441322734988456,-0.0083286529335337
"Freq [GHz]","IWavePhi [deg]","IWaveTheta [deg]","Phi [deg]","Theta [deg]","re(rEPhi) [mV]","im(rEPhi) [mV]","re(rETheta) [mV]","im(rETheta) [mV]"
1.21,180,90,45,54.736,15.1028040957187,13.5827945146443,23.351238225257,-1.04300659206136
"Freq [GHz]","IWavePhi [deg]","IWaveTheta [deg]","Phi [deg]","Theta [deg]","re(rEPhi) [mV]","im(rEPhi) [mV]","re(rETheta) [mV]","im(rETheta) [mV]"
1.21,180,90,135,54.736,-15.0941544268547,-13.5664081802661,23.3374975754777,-1.0235966218232
"Freq [GHz]","IWavePhi [deg]","IWaveTheta [deg]","Phi [deg]","Theta [deg]","re(rEPhi) [mV]","im(rEPhi) [mV]","re(rETheta) [mV]","im(rETheta) [mV]"
1.21,180,90,-45,54.736,8.58709798987801,13.9923282316658,15.8377248638356,-20.261318478473
"Freq [GHz]","IWavePhi [deg]","IWaveTheta [deg]","Phi [deg]","Theta [deg]","re(rEPhi) [mV]","im(rEPhi) [mV]","re(rETheta) [mV]","im(rETheta) [mV]"
1.21,180,90,45,125.264,4.75712263068766,11.7215298189999,11.0210604249098,-15.4211750377153
"Freq [GHz]","IWavePhi [deg]","IWaveTheta [deg]","Phi [deg]","Theta [deg]","re(rEPhi) [mV]","im(rEPhi) [mV]","re(rETheta) [mV]","im(rETheta) [mV]"
1.21,180,90,-135,54.736,-8.601656441427,-13.9913659429801,15.8230264569208,-20.2881600198339
"Freq [GHz]","IWavePhi [deg]","IWaveTheta [deg]","Phi [deg]","Theta [deg]","re(rEPhi) [mV]","im(rEPhi) [mV]","re(rETheta) [mV]","im(rETheta) [mV]"
1.21,180,90,-45,125.264,-7.24431856776238,14.5447720376876,15.1178732246356,-3.86454974452209
"Freq [GHz]","IWavePhi [deg]","IWaveTheta [deg]","Phi [deg]","Theta [deg]","re(rEPhi) [mV]","im(rEPhi) [mV]","re(rETheta) [mV]","im(rETheta) [mV]"
1.21,180,90,135,125.264,-4.78436577683918,-11.6905119720191,10.9892071563279,-15.4282873441139
"Freq [GHz]","IWavePhi [deg]","IWaveTheta [deg]","Phi [deg]","Theta [deg]","re(rEPhi) [mV]","im(rEPhi) [mV]","re(rETheta) [mV]","im(rETheta) [mV]"
1.21,180,90,-135,125.264,7.28105527457655,-14.5236949141343,15.0749957278762,-3.83071041813736
"Freq [GHz]","IWavePhi [deg]","IWaveTheta [deg]","Phi [deg]","Theta [deg]","re(rEPhi) [mV]","im(rEPhi) [mV]","re(rETheta) [mV]","im(rETheta) [mV]"
1.21,180,90,0,90,-9.31344913161979,-23.3980190877188,30.4496292017875,-18.3328165301026
"Freq [GHz]","IWavePhi [deg]","IWaveTheta [deg]","Phi [deg]","Theta [deg]","re(rEPhi) [mV]","im(rEPhi) [mV]","re(rETheta) [mV]","im(rETheta) [mV]"
1.21,180,90,180,90,9.31025344621957,23.4117767045999,30.4773841891119,-18.3228593162229
"Freq [GHz]","IWavePhi [deg]","IWaveTheta [deg]","Phi [deg]","Theta [deg]","re(rEPhi) [mV]","im(rEPhi) [mV]","re(rETheta) [mV]","im(rETheta) [mV]"
1.21,180,90,90,90,0.0159760610422482,0.00592393589427672,2.99734735883664,-3.19881751370428
"Freq [GHz]","IWavePhi [deg]","IWaveTheta [deg]","Phi [deg]","Theta [deg]","re(rEPhi) [mV]","im(rEPhi) [mV]","re(rETheta) [mV]","im(rETheta) [mV]"
1.21,180,90,-90,90,-0.0191735779579955,0.00362037993941006,13.0099646042275,-8.49732567596202
"Freq [GHz]","IWavePhi [deg]","IWaveTheta [deg]","Phi [deg]","Theta [deg]","re(rEPhi) [mV]","im(rEPhi) [mV]","re(rETheta) [mV]","im(rETheta) [mV]"
1.21,180,90,0,0,9.03904215725985,-17.5054690187448,0.0175800227913531,0.00834077263393181
"Freq [GHz]","IWavePhi [deg]","IWaveTheta [deg]","Phi [deg]","Theta [deg]","re(rEPhi) [mV]","im(rEPhi) [mV]","re(rETheta) [mV]","im(rETheta) [mV]"
1.21,180,90,0,180,-25.0837372405603,-19.5204543303218,0.0152479703242428,0.00428803656743139
"Freq [GHz]","IWavePhi [deg]","IWaveTheta [deg]","Phi [deg]","Theta [deg]","re(rEPhi) [mV]","im(rEPhi) [mV]","re(rETheta) [mV]","im(rETheta) [mV]"
1.21,180,90,45,54.736,-4.80194621409721,-11.7338454572611,10.9833424117844,-15.4742924568349
"Freq [GHz]","IWavePhi [deg]","IWaveTheta [deg]","Phi [deg]","Theta [deg]","re(rEPhi) [mV]","im(rEPhi) [mV]","re(rETheta) [mV]","im(rETheta) [mV]"
1.21,180,90,135,54.736,4.77305590823401,11.7357403295213,10.9956738316612,-15.4704361805585
"Freq [GHz]","IWavePhi [deg]","IWaveTheta [deg]","Phi [deg]","Theta [deg]","re(rEPhi) [mV]","im(rEPhi) [mV]","re(rETheta) [mV]","im(rETheta) [mV]"
1.21,180,90,-45,54.736,7.24383020755011,-14.5323668910082,15.1137628737107,-3.8529144987713
"Freq [GHz]","IWavePhi [deg]","IWaveTheta [deg]","Phi [deg]","Theta [deg]","re(rEPhi) [mV]","im(rEPhi) [mV]","re(rETheta) [mV]","im(rETheta) [mV]"
1.21,180,90,45,125.264,-15.0992486632135,-13.5640157002297,23.3323220637928,-1.0127787665202
"Freq [GHz]","IWavePhi [deg]","IWaveTheta [deg]","Phi [deg]","Theta [deg]","re(rEPhi) [mV]","im(rEPhi) [mV]","re(rETheta) [mV]","im(rETheta) [mV]"
1.21,180,90,-135,54.736,-7.23316223955229,14.5244348860063,15.1113788675834,-3.87141698301454
"Freq [GHz]","IWavePhi [deg]","IWaveTheta [deg]","Phi [deg]","Theta [deg]","re(rEPhi) [mV]","im(rEPhi) [mV]","re(rETheta) [mV]","im(rETheta) [mV]"
1.21,180,90,-45,125.264,-8.59396508368457,-13.9321198368062,15.8448440168776,-20.2612286818421
"Freq [GHz]","IWavePhi [deg]","IWaveTheta [deg]","Phi [deg]","Theta [deg]","re(rEPhi) [mV]","im(rEPhi) [mV]","re(rETheta) [mV]","im(rETheta) [mV]"
1.21,180,90,135,125.264,15.108122734147,13.569581748838,23.3225830483809,-1.01335860545222
"Freq [GHz]","IWavePhi [deg]","IWaveTheta [deg]","Phi [deg]","Theta [deg]","re(rEPhi) [mV]","im(rEPhi) [mV]","re(rETheta) [mV]","im(rETheta) [mV]"
1.21,180,90,-135,125.264,8.58287773205965,13.9232221582226,15.835372393668,-20.2267444191257
"Freq [GHz]","IWavePhi [deg]","IWaveTheta [deg]","Phi [deg]","Theta [deg]","re(rEPhi) [mV]","im(rEPhi) [mV]","re(rETheta) [mV]","im(rETheta) [mV]"
1.21,180,90,0,90,9.32706129385249,23.4105050464423,30.4142637062335,-18.3749555083022
"Freq [GHz]","IWavePhi [deg]","IWaveTheta [deg]","Phi [deg]","Theta [deg]","re(rEPhi) [mV]","im(rEPhi) [mV]","re(rETheta) [mV]","im(rETheta) [mV]"
1.21,180,90,180,90,-9.32477201629053,-23.4259055805412,30.431345724338,-18.3554502566994
"Freq [GHz]","IWavePhi [deg]","IWaveTheta [deg]","Phi [deg]","Theta [deg]","re(rEPhi) [mV]","im(rEPhi) [mV]","re(rETheta) [mV]","im(rETheta) [mV]"
1.21,180,90,90,90,0.00450363161168839,0.0105060817365101,13.0620589918425,-8.48506528643433
"Freq [GHz]","IWavePhi [deg]","IWaveTheta [deg]","Phi [deg]","Theta [deg]","re(rEPhi) [mV]","im(rEPhi) [mV]","re(rETheta) [mV]","im(rETheta) [mV]"
1.21,180,90,-90,90,0.0059600610692279,0.0123299847918732,2.94267157787682,-3.23074435702023
"Freq [GHz]","IWavePhi [deg]","IWaveTheta [deg]","Phi [deg]","Theta [deg]","re(rEPhi) [mV]","im(rEPhi) [mV]","re(rETheta) [mV]","im(rETheta) [mV]"
1.21,180,90,0,0,-9.06066144058684,17.4739709138238,0.0153575045012567,0.0105738498035651
"Freq [GHz]","IWavePhi [deg]","IWaveTheta [deg]","Phi [deg]","Theta [deg]","re(rEPhi) [mV]","im(rEPhi) [mV]","re(rETheta) [mV]","im(rETheta) [mV]"
1.21,180,90,0,180,25.1273370234419,19.5423273399269,0.00469564621581883,-0.00419329355790129
"Freq [GHz]","IWavePhi [deg]","IWaveTheta [deg]","Phi [deg]","Theta [deg]","re(rEPhi) [mV]","im(rEPhi) [mV]","re(rETheta) [mV]","im(rETheta) [mV]"
1.21,180,90,45,54.736,-7.25131944929542,14.5067739360357,15.1291675962967,-3.88637529279289
"Freq [GHz]","IWavePhi [deg]","IWaveTheta [deg]","Phi [deg]","Theta [deg]","re(rEPhi) [mV]","im(rEPhi) [mV]","re(rETheta) [mV]","im(rETheta) [mV]"
1.21,180,90,135,54.736,7.28000227530612,-14.525651175468,15.1034187888259,-3.86850243631599
"Freq [GHz]","IWavePhi [deg]","IWaveTheta [deg]","Phi [deg]","Theta [deg]","re(rEPhi) [mV]","im(rEPhi) [mV]","re(rETheta) [mV]","im(rETheta) [mV]"
1.21,180,90,-45,54.736,4.80509640029125,11.7433574204667,10.9377409665543,-15.505223126554
"Freq [GHz]","IWavePhi [deg]","IWaveTheta [deg]","Phi [deg]","Theta [deg]","re(rEPhi) [mV]","im(rEPhi) [mV]","re(rETheta) [mV]","im(rETheta) [mV]"
1.21,180,90,45,125.264,8.58438679238513,13.9563563782227,15.8422448518027,-20.232054041737
"Freq [GHz]","IWavePhi [deg]","IWaveTheta [deg]","Phi [deg]","Theta [deg]","re(rEPhi) [mV]","im(rEPhi) [mV]","re(rETheta) [mV]","im(rETheta) [mV]"
1.21,180,90,-135,54.736,-4.8083177955169,-11.7579775502198,10.9325777145579,-15.5129686779843
"Freq [GHz]","IWavePhi [deg]","IWaveTheta [deg]","Phi [deg]","Theta [deg]","re(rEPhi) [mV]","im(rEPhi) [mV]","re(rETheta) [mV]","im(rETheta) [mV]"
1.21,180,90,-45,125.264,15.1432398157764,13.5765434031374,23.3140630337908,-1.07357437807696
"Freq [GHz]","IWavePhi [deg]","IWaveTheta [deg]","Phi [deg]","Theta [deg]","re(rEPhi) [mV]","im(rEPhi) [mV]","re(rETheta) [mV]","im(rETheta) [mV]"
1.21,180,90,135,125.264,-8.58906487715772,-13.9220760177386,15.8351753370469,-20.2435745830295
"Freq [GHz]","IWavePhi [deg]","IWaveTheta [deg]","Phi [deg]","Theta [deg]","re(rEPhi) [mV]","im(rEPhi) [mV]","re(rETheta) [mV]","im(rETheta) [mV]"
1.21,180,90,-135,125.264,-15.1205093463371,-13.5651193740759,23.273714136724,-1.04742686649853
"Freq [GHz]","IWavePhi [deg]","IWaveTheta [deg]","Phi [deg]","Theta [deg]","re(rEPhi) [mV]","im(rEPhi) [mV]","re(rETheta) [mV]","im(rETheta) [mV]"
1.21,180,90,0,90,-9.31344913161979,-23.3980190877188,30.4496292017875,-18.3328165301026
"Freq [GHz]","IWavePhi [deg]","IWaveTheta [deg]","Phi [deg]","Theta [deg]","re(rEPhi) [mV]","im(rEPhi) [mV]","re(rETheta) [mV]","im(rETheta) [mV]"
1.21,180,90,180,90,9.31025344621957,23.4117767045999,30.4773841891119,-18.3228593162229
"Freq [GHz]","IWavePhi [deg]","IWaveTheta [deg]","Phi [deg]","Theta [deg]","re(rEPhi) [mV]","im(rEPhi) [mV]","re(rETheta) [mV]","im(rETheta) [mV]"
1.21,180,90,90,90,0.0159760610422482,0.00592393589427672,2.99734735883664,-3.19881751370428
"Freq [GHz]","IWavePhi [deg]","IWaveTheta [deg]","Phi [deg]","Theta [deg]","re(rEPhi) [mV]","im(rEPhi) [mV]","re(rETheta) [mV]","im(rETheta) [mV]"
1.21,180,90,-90,90,-0.0191735779579955,0.00362037993941006,13.0099646042275,-8.49732567596202
"Freq [GHz]","IWavePhi [deg]","IWaveTheta [deg]","Phi [deg]","Theta [deg]","re(rEPhi) [mV]","im(rEPhi) [mV]","re(rETheta) [mV]","im(rETheta) [mV]"
1.21,180,90,0,0,9.03904215725985,-17.5054690187448,0.0175800227913531,0.00834077263393181
"Freq [GHz]","IWavePhi [deg]","IWaveTheta [deg]","Phi [deg]","Theta [deg]","re(rEPhi) [mV]","im(rEPhi) [mV]","re(rETheta) [mV]","im(rETheta) [mV]"
1.21,180,90,0,180,-25.0837372405603,-19.5204543303218,0.0152479703242428,0.00428803656743139
"Freq [GHz]","IWavePhi [deg]","IWaveTheta [deg]","Phi [deg]","Theta [deg]","re(rEPhi) [mV]","im(rEPhi) [mV]","re(rETheta) [mV]","im(rETheta) [mV]"
1.21,180,90,45,54.736,-4.80194621409721,-11.7338454572611,10.9833424117844,-15.4742924568349
"Freq [GHz]","IWavePhi [deg]","IWaveTheta [deg]","Phi [deg]","Theta [deg]","re(rEPhi) [mV]","im(rEPhi) [mV]","re(rETheta) [mV]","im(rETheta) [mV]"
1.21,180,90,135,54.736,4.77305590823401,11.7357403295213,10.9956738316612,-15.4704361805585
"Freq [GHz]","IWavePhi [deg]","IWaveTheta [deg]","Phi [deg]","Theta [deg]","re(rEPhi) [mV]","im(rEPhi) [mV]","re(rETheta) [mV]","im(rETheta) [mV]"
1.21,180,90,-45,54.736,7.24383020755011,-14.5323668910082,15.1137628737107,-3.8529144987713
"Freq [GHz]","IWavePhi [deg]","IWaveTheta [deg]","Phi [deg]","Theta [deg]","re(rEPhi) [mV]","im(rEPhi) [mV]","re(rETheta) [mV]","im(rETheta) [mV]"
1.21,180,90,45,125.264,-15.0992486632135,-13.5640157002297,23.3323220637928,-1.0127787665202
"Freq [GHz]","IWavePhi [deg]","IWaveTheta [deg]","Phi [deg]","Theta [deg]","re(rEPhi) [mV]","im(rEPhi) [mV]","re(rETheta) [mV]","im(rETheta) [mV]"
1.21,180,90,-135,54.736,-7.23316223955229,14.5244348860063,15.1113788675834,-3.87141698301454
"Freq [GHz]","IWavePhi [deg]","IWaveTheta [deg]","Phi [deg]","Theta [deg]","re(rEPhi) [mV]","im(rEPhi) [mV]","re(rETheta) [mV]","im(rETheta) [mV]"
1.21,180,90,-45,125.264,-8.59396508368457,-13.9321198368062,15.8448440168776,-20.2612286818421
"Freq [GHz]","IWavePhi [deg]","IWaveTheta [deg]","Phi [deg]","Theta [deg]","re(rEPhi) [mV]","im(rEPhi) [mV]","re(rETheta) [mV]","im(rETheta) [mV]"
1.21,180,90,135,125.264,15.108122734147,13.569581748838,23.3225830483809,-1.01335860545222
"Freq [GHz]","IWavePhi [deg]","IWaveTheta [deg]","Phi [deg]","Theta [deg]","re(rEPhi) [mV]","im(rEPhi) [mV]","re(rETheta) [mV]","im(rETheta) [mV]"
1.21,180,90,-135,125.264,8.58287773205965,13.9232221582226,15.835372393668,-20.2267444191257
